Handle,Title,Body (HTML),Vendor,Type,Tags,Published,Option1 Name,Option1 Value,Variant SKU,Variant Inventory Qty,Variant Price,Variant Compare At Price
dummy-product-1,Dummy Product 1,<p>This is a description for Dummy Product 1.</p>,Vendor 1,Type 1,"tag1,sample",TRUE,Size,Small,SKU0001,93,93.43,111.69
dummy-product-2,Dummy Product 2,<p>This is a description for Dummy Product 2.</p>,Vendor 1,Type 1,"tag2,sample",TRUE,Size,Large,SKU0002,15,2.54,110.02
dummy-product-3,Dummy Product 3,<p>This is a description for Dummy Product 3.</p>,Vendor 1,Type 1,"tag3,sample",TRUE,Size,Small,SKU0003,53,58.79,113.62
dummy-product-4,Dummy Product 4,<p>This is a description for Dummy Product 4.</p>,Vendor 1,Type 1,"tag4,sample",TRUE,Size,Large,SKU0004,36,61.00,118.98
dummy-product-5,Dummy Product 5,<p>This is a description for Dummy Product 5.</p>,Vendor 1,Type 1,"tag5,sample",TRUE,Size,Small,SKU0005,86,82.26,102.09
dummy-product-6,Dummy Product 6,<p>This is a description for Dummy Product 6.</p>,Vendor 1,Type 1,"tag6,sample",TRUE,Size,Large,SKU0006,66,50.72,113.71
dummy-product-7,Dummy Product 7,<p>This is a description for Dummy Product 7.</p>,Vendor 1,Type 1,"tag7,sample",TRUE,Size,Small,SKU0007,37,40.47,101.35
dummy-product-8,Dummy Product 8,<p>This is a description for Dummy Product 8.</p>,Vendor 1,Type 1,"tag8,sample",TRUE,Size,Large,SKU0008,78,9.18,104.17
dummy-product-9,Dummy Product 9,<p>This is a description for Dummy Product 9.</p>,Vendor 1,Type 1,"tag9,sample",TRUE,Size,Small,SKU0009,82,87.73,115.11
dummy-product-10,Dummy Product 10,<p>This is a description for Dummy Product 10.</p>,Vendor 1,Type 1,"tag10,sample",TRUE,Size,Large,SKU0010,31,89.11,118.18
dummy-product-11,Dummy Product 11,<p>This is a description for Dummy Product 11.</p>,Vendor 1,Type 1,"tag11,sample",TRUE,Size,Small,SKU0011,11,32.17,119.61
dummy-product-12,Dummy Product 12,<p>This is a description for Dummy Product 12.</p>,Vendor 1,Type 1,"tag12,sample",TRUE,Size,Large,SKU0012,61,55.53,100.33
dummy-product-13,Dummy Product 13,<p>This is a description for Dummy Product 13.</p>,Vendor 1,Type 1,"tag13,sample",TRUE,Size,Small,SKU0013,53,35.01,108.08
dummy-product-14,Dummy Product 14,<p>This is a description for Dummy Product 14.</p>,Vendor 1,Type 1,"tag14,sample",TRUE,Size,Large,SKU0014,63,14.77,106.31
dummy-product-15,Dummy Product 15,<p>This is a description for Dummy Product 15.</p>,Vendor 1,Type 1,"tag15,sample",TRUE,Size,Small,SKU0015,81,7.35,111.56
dummy-product-16,Dummy Product 16,<p>This is a description for Dummy Product 16.</p>,Vendor 1,Type 1,"tag16,sample",TRUE,Size,Large,SKU0016,98,13.52,110.38
dummy-product-17,Dummy Product 17,<p>This is a description for Dummy Product 17.</p>,Vendor 1,Type 1,"tag17,sample",TRUE,Size,Small,SKU0017,80,72.15,112.49
dummy-product-18,Dummy Product 18,<p>This is a description for Dummy Product 18.</p>,Vendor 1,Type 1,"tag18,sample",TRUE,Size,Large,SKU0018,93,39.79,113.99
dummy-product-19,Dummy Product 19,<p>This is a description for Dummy Product 19.</p>,Vendor 1,Type 1,"tag19,sample",TRUE,Size,Small,SKU0019,78,3.38,102.62
dummy-product-20,Dummy Product 20,<p>This is a description for Dummy Product 20.</p>,Vendor 1,Type 1,"tag20,sample",TRUE,Size,Large,SKU0020,76,10.30,102.94
dummy-product-21,Dummy Product 21,<p>This is a description for Dummy Product 21.</p>,Vendor 1,Type 1,"tag21,sample",TRUE,Size,Small,SKU0021,28,93.00,106.85
dummy-product-22,Dummy Product 22,<p>This is a description for Dummy Product 22.</p>,Vendor 1,Type 1,"tag22,sample",TRUE,Size,Large,SKU0022,40,51.20,103.67
dummy-product-23,Dummy Product 23,<p>This is a description for Dummy Product 23.</p>,Vendor 1,Type 1,"tag23,sample",TRUE,Size,Small,SKU0023,20,64.06,106.03
dummy-product-24,Dummy Product 24,<p>This is a description for Dummy Product 24.</p>,Vendor 1,Type 1,"tag24,sample",TRUE,Size,Large,SKU0024,23,18.70,109.45
dummy-product-25,Dummy Product 25,<p>This is a description for Dummy Product 25.</p>,Vendor 1,Type 1,"tag25,sample",TRUE,Size,Small,SKU0025,15,21.90,117.30
dummy-product-26,Dummy Product 26,<p>This is a description for Dummy Product 26.</p>,Vendor 1,Type 1,"tag26,sample",TRUE,Size,Large,SKU0026,79,63.66,110.84
dummy-product-27,Dummy Product 27,<p>This is a description for Dummy Product 27.</p>,Vendor 1,Type 1,"tag27,sample",TRUE,Size,Small,SKU0027,4,92.16,114.42
dummy-product-28,Dummy Product 28,<p>This is a description for Dummy Product 28.</p>,Vendor 1,Type 1,"tag28,sample",TRUE,Size,Large,SKU0028,79,71.27,102.70
dummy-product-29,Dummy Product 29,<p>This is a description for Dummy Product 29.</p>,Vendor 1,Type 1,"tag29,sample",TRUE,Size,Small,SKU0029,40,11.60,109.61
dummy-product-30,Dummy Product 30,<p>This is a description for Dummy Product 30.</p>,Vendor 1,Type 1,"tag30,sample",TRUE,Size,Large,SKU0030,6,27.99,111.30
dummy-product-31,Dummy Product 31,<p>This is a description for Dummy Product 31.</p>,Vendor 1,Type 1,"tag31,sample",TRUE,Size,Small,SKU0031,46,33.96,112.11
dummy-product-32,Dummy Product 32,<p>This is a description for Dummy Product 32.</p>,Vendor 1,Type 1,"tag32,sample",TRUE,Size,Large,SKU0032,60,94.39,114.33
dummy-product-33,Dummy Product 33,<p>This is a description for Dummy Product 33.</p>,Vendor 1,Type 1,"tag33,sample",TRUE,Size,Small,SKU0033,85,71.45,110.79
dummy-product-34,Dummy Product 34,<p>This is a description for Dummy Product 34.</p>,Vendor 1,Type 1,"tag34,sample",TRUE,Size,Large,SKU0034,50,17.07,102.93
dummy-product-35,Dummy Product 35,<p>This is a description for Dummy Product 35.</p>,Vendor 1,Type 1,"tag35,sample",TRUE,Size,Small,SKU0035,15,44.27,100.86
dummy-product-36,Dummy Product 36,<p>This is a description for Dummy Product 36.</p>,Vendor 1,Type 1,"tag36,sample",TRUE,Size,Large,SKU0036,42,91.95,101.14
dummy-product-37,Dummy Product 37,<p>This is a description for Dummy Product 37.</p>,Vendor 1,Type 1,"tag37,sample",TRUE,Size,Small,SKU0037,54,89.13,117.01
dummy-product-38,Dummy Product 38,<p>This is a description for Dummy Product 38.</p>,Vendor 1,Type 1,"tag38,sample",TRUE,Size,Large,SKU0038,76,91.32,105.91
dummy-product-39,Dummy Product 39,<p>This is a description for Dummy Product 39.</p>,Vendor 1,Type 1,"tag39,sample",TRUE,Size,Small,SKU0039,65,64.46,105.34
dummy-product-40,Dummy Product 40,<p>This is a description for Dummy Product 40.</p>,Vendor 1,Type 1,"tag40,sample",TRUE,Size,Large,SKU0040,97,52.01,109.96
dummy-product-41,Dummy Product 41,<p>This is a description for Dummy Product 41.</p>,Vendor 1,Type 1,"tag41,sample",TRUE,Size,Small,SKU0041,76,85.64,113.12
dummy-product-42,Dummy Product 42,<p>This is a description for Dummy Product 42.</p>,Vendor 1,Type 1,"tag42,sample",TRUE,Size,Large,SKU0042,88,19.94,102.28
dummy-product-43,Dummy Product 43,<p>This is a description for Dummy Product 43.</p>,Vendor 1,Type 1,"tag43,sample",TRUE,Size,Small,SKU0043,35,37.12,110.51
dummy-product-44,Dummy Product 44,<p>This is a description for Dummy Product 44.</p>,Vendor 1,Type 1,"tag44,sample",TRUE,Size,Large,SKU0044,81,33.01,104.22
dummy-product-45,Dummy Product 45,<p>This is a description for Dummy Product 45.</p>,Vendor 1,Type 1,"tag45,sample",TRUE,Size,Small,SKU0045,64,47.64,110.65
dummy-product-46,Dummy Product 46,<p>This is a description for Dummy Product 46.</p>,Vendor 1,Type 1,"tag46,sample",TRUE,Size,Large,SKU0046,90,79.32,100.71
dummy-product-47,Dummy Product 47,<p>This is a description for Dummy Product 47.</p>,Vendor 1,Type 1,"tag47,sample",TRUE,Size,Small,SKU0047,67,69.92,102.63
dummy-product-48,Dummy Product 48,<p>This is a description for Dummy Product 48.</p>,Vendor 1,Type 1,"tag48,sample",TRUE,Size,Large,SKU0048,80,50.04,103.08
dummy-product-49,Dummy Product 49,<p>This is a description for Dummy Product 49.</p>,Vendor 1,Type 1,"tag49,sample",TRUE,Size,Small,SKU0049,44,16.12,100.08
dummy-product-50,Dummy Product 50,<p>This is a description for Dummy Product 50.</p>,Vendor 1,Type 1,"tag50,sample",TRUE,Size,Large,SKU0050,85,53.75,110.10
dummy-product-51,Dummy Product 51,<p>This is a description for Dummy Product 51.</p>,Vendor 1,Type 1,"tag51,sample",TRUE,Size,Small,SKU0051,51,34.91,117.74
dummy-product-52,Dummy Product 52,<p>This is a description for Dummy Product 52.</p>,Vendor 1,Type 1,"tag52,sample",TRUE,Size,Large,SKU0052,24,93.18,101.25
dummy-product-53,Dummy Product 53,<p>This is a description for Dummy Product 53.</p>,Vendor 1,Type 1,"tag53,sample",TRUE,Size,Small,SKU0053,70,76.05,113.53
dummy-product-54,Dummy Product 54,<p>This is a description for Dummy Product 54.</p>,Vendor 1,Type 1,"tag54,sample",TRUE,Size,Large,SKU0054,47,78.72,109.17
dummy-product-55,Dummy Product 55,<p>This is a description for Dummy Product 55.</p>,Vendor 1,Type 1,"tag55,sample",TRUE,Size,Small,SKU0055,55,29.17,112.14
dummy-product-56,Dummy Product 56,<p>This is a description for Dummy Product 56.</p>,Vendor 1,Type 1,"tag56,sample",TRUE,Size,Large,SKU0056,12,63.78,100.46
dummy-product-57,Dummy Product 57,<p>This is a description for Dummy Product 57.</p>,Vendor 1,Type 1,"tag57,sample",TRUE,Size,Small,SKU0057,73,9.14,100.15
dummy-product-58,Dummy Product 58,<p>This is a description for Dummy Product 58.</p>,Vendor 1,Type 1,"tag58,sample",TRUE,Size,Large,SKU0058,90,83.89,113.53
dummy-product-59,Dummy Product 59,<p>This is a description for Dummy Product 59.</p>,Vendor 1,Type 1,"tag59,sample",TRUE,Size,Small,SKU0059,40,3.09,118.53
dummy-product-60,Dummy Product 60,<p>This is a description for Dummy Product 60.</p>,Vendor 1,Type 1,"tag60,sample",TRUE,Size,Large,SKU0060,31,8.11,110.67
dummy-product-61,Dummy Product 61,<p>This is a description for Dummy Product 61.</p>,Vendor 1,Type 1,"tag61,sample",TRUE,Size,Small,SKU0061,87,91.11,102.46
dummy-product-62,Dummy Product 62,<p>This is a description for Dummy Product 62.</p>,Vendor 1,Type 1,"tag62,sample",TRUE,Size,Large,SKU0062,40,65.94,112.59
dummy-product-63,Dummy Product 63,<p>This is a description for Dummy Product 63.</p>,Vendor 1,Type 1,"tag63,sample",TRUE,Size,Small,SKU0063,49,78.42,107.70
dummy-product-64,Dummy Product 64,<p>This is a description for Dummy Product 64.</p>,Vendor 1,Type 1,"tag64,sample",TRUE,Size,Large,SKU0064,51,83.83,111.78
dummy-product-65,Dummy Product 65,<p>This is a description for Dummy Product 65.</p>,Vendor 1,Type 1,"tag65,sample",TRUE,Size,Small,SKU0065,71,55.32,104.50
dummy-product-66,Dummy Product 66,<p>This is a description for Dummy Product 66.</p>,Vendor 1,Type 1,"tag66,sample",TRUE,Size,Large,SKU0066,41,14.01,101.12
dummy-product-67,Dummy Product 67,<p>This is a description for Dummy Product 67.</p>,Vendor 1,Type 1,"tag67,sample",TRUE,Size,Small,SKU0067,60,95.29,102.73
dummy-product-68,Dummy Product 68,<p>This is a description for Dummy Product 68.</p>,Vendor 1,Type 1,"tag68,sample",TRUE,Size,Large,SKU0068,33,91.77,119.53
dummy-product-69,Dummy Product 69,<p>This is a description for Dummy Product 69.</p>,Vendor 1,Type 1,"tag69,sample",TRUE,Size,Small,SKU0069,99,13.05,104.90
dummy-product-70,Dummy Product 70,<p>This is a description for Dummy Product 70.</p>,Vendor 1,Type 1,"tag70,sample",TRUE,Size,Large,SKU0070,56,4.46,119.32
dummy-product-71,Dummy Product 71,<p>This is a description for Dummy Product 71.</p>,Vendor 1,Type 1,"tag71,sample",TRUE,Size,Small,SKU0071,87,19.88,114.15
dummy-product-72,Dummy Product 72,<p>This is a description for Dummy Product 72.</p>,Vendor 1,Type 1,"tag72,sample",TRUE,Size,Large,SKU0072,37,51.00,111.47
dummy-product-73,Dummy Product 73,<p>This is a description for Dummy Product 73.</p>,Vendor 1,Type 1,"tag73,sample",TRUE,Size,Small,SKU0073,97,65.04,104.40
dummy-product-74,Dummy Product 74,<p>This is a description for Dummy Product 74.</p>,Vendor 1,Type 1,"tag74,sample",TRUE,Size,Large,SKU0074,46,63.96,107.27
dummy-product-75,Dummy Product 75,<p>This is a description for Dummy Product 75.</p>,Vendor 1,Type 1,"tag75,sample",TRUE,Size,Small,SKU0075,88,41.80,118.42
dummy-product-76,Dummy Product 76,<p>This is a description for Dummy Product 76.</p>,Vendor 1,Type 1,"tag76,sample",TRUE,Size,Large,SKU0076,56,53.15,101.07
dummy-product-77,Dummy Product 77,<p>This is a description for Dummy Product 77.</p>,Vendor 1,Type 1,"tag77,sample",TRUE,Size,Small,SKU0077,63,32.73,108.20
dummy-product-78,Dummy Product 78,<p>This is a description for Dummy Product 78.</p>,Vendor 1,Type 1,"tag78,sample",TRUE,Size,Large,SKU0078,43,64.41,111.74
dummy-product-79,Dummy Product 79,<p>This is a description for Dummy Product 79.</p>,Vendor 1,Type 1,"tag79,sample",TRUE,Size,Small,SKU0079,8,58.17,108.89
dummy-product-80,Dummy Product 80,<p>This is a description for Dummy Product 80.</p>,Vendor 1,Type 1,"tag80,sample",TRUE,Size,Large,SKU0080,19,28.78,111.27
dummy-product-81,Dummy Product 81,<p>This is a description for Dummy Product 81.</p>,Vendor 1,Type 1,"tag81,sample",TRUE,Size,Small,SKU0081,42,83.46,117.42
dummy-product-82,Dummy Product 82,<p>This is a description for Dummy Product 82.</p>,Vendor 1,Type 1,"tag82,sample",TRUE,Size,Large,SKU0082,19,81.94,115.99
dummy-product-83,Dummy Product 83,<p>This is a description for Dummy Product 83.</p>,Vendor 1,Type 1,"tag83,sample",TRUE,Size,Small,SKU0083,14,52.51,104.58
dummy-product-84,Dummy Product 84,<p>This is a description for Dummy Product 84.</p>,Vendor 1,Type 1,"tag84,sample",TRUE,Size,Large,SKU0084,26,93.61,113.59
dummy-product-85,Dummy Product 85,<p>This is a description for Dummy Product 85.</p>,Vendor 1,Type 1,"tag85,sample",TRUE,Size,Small,SKU0085,85,58.98,102.59
dummy-product-86,Dummy Product 86,<p>This is a description for Dummy Product 86.</p>,Vendor 1,Type 1,"tag86,sample",TRUE,Size,Large,SKU0086,65,88.86,103.92
dummy-product-87,Dummy Product 87,<p>This is a description for Dummy Product 87.</p>,Vendor 1,Type 1,"tag87,sample",TRUE,Size,Small,SKU0087,4,80.81,100.67
dummy-product-88,Dummy Product 88,<p>This is a description for Dummy Product 88.</p>,Vendor 1,Type 1,"tag88,sample",TRUE,Size,Large,SKU0088,82,96.83,115.29
dummy-product-89,Dummy Product 89,<p>This is a description for Dummy Product 89.</p>,Vendor 1,Type 1,"tag89,sample",TRUE,Size,Small,SKU0089,30,14.07,103.80
dummy-product-90,Dummy Product 90,<p>This is a description for Dummy Product 90.</p>,Vendor 1,Type 1,"tag90,sample",TRUE,Size,Large,SKU0090,84,19.80,110.03
dummy-product-91,Dummy Product 91,<p>This is a description for Dummy Product 91.</p>,Vendor 1,Type 1,"tag91,sample",TRUE,Size,Small,SKU0091,81,63.73,104.86
dummy-product-92,Dummy Product 92,<p>This is a description for Dummy Product 92.</p>,Vendor 1,Type 1,"tag92,sample",TRUE,Size,Large,SKU0092,63,33.96,114.45
dummy-product-93,Dummy Product 93,<p>This is a description for Dummy Product 93.</p>,Vendor 1,Type 1,"tag93,sample",TRUE,Size,Small,SKU0093,47,47.90,102.56
dummy-product-94,Dummy Product 94,<p>This is a description for Dummy Product 94.</p>,Vendor 1,Type 1,"tag94,sample",TRUE,Size,Large,SKU0094,13,95.90,109.66
dummy-product-95,Dummy Product 95,<p>This is a description for Dummy Product 95.</p>,Vendor 1,Type 1,"tag95,sample",TRUE,Size,Small,SKU0095,97,40.26,116.57
dummy-product-96,Dummy Product 96,<p>This is a description for Dummy Product 96.</p>,Vendor 1,Type 1,"tag96,sample",TRUE,Size,Large,SKU0096,55,39.00,113.68
dummy-product-97,Dummy Product 97,<p>This is a description for Dummy Product 97.</p>,Vendor 1,Type 1,"tag97,sample",TRUE,Size,Small,SKU0097,81,56.60,111.95
dummy-product-98,Dummy Product 98,<p>This is a description for Dummy Product 98.</p>,Vendor 1,Type 1,"tag98,sample",TRUE,Size,Large,SKU0098,62,42.22,112.82
dummy-product-99,Dummy Product 99,<p>This is a description for Dummy Product 99.</p>,Vendor 1,Type 1,"tag99,sample",TRUE,Size,Small,SKU0099,15,20.01,108.61
dummy-product-100,Dummy Product 100,<p>This is a description for Dummy Product 100.</p>,Vendor 1,Type 1,"tag100,sample",TRUE,Size,Large,SKU0100,84,99.67,109.82
dummy-product-101,Dummy Product 101,<p>This is a description for Dummy Product 101.</p>,Vendor 2,Type 1,"tag101,sample",TRUE,Size,Small,SKU0101,32,47.92,100.47
dummy-product-102,Dummy Product 102,<p>This is a description for Dummy Product 102.</p>,Vendor 2,Type 1,"tag102,sample",TRUE,Size,Large,SKU0102,37,89.82,101.58
dummy-product-103,Dummy Product 103,<p>This is a description for Dummy Product 103.</p>,Vendor 2,Type 1,"tag103,sample",TRUE,Size,Small,SKU0103,16,82.10,106.30
dummy-product-104,Dummy Product 104,<p>This is a description for Dummy Product 104.</p>,Vendor 2,Type 1,"tag104,sample",TRUE,Size,Large,SKU0104,27,19.36,114.24
dummy-product-105,Dummy Product 105,<p>This is a description for Dummy Product 105.</p>,Vendor 2,Type 1,"tag105,sample",TRUE,Size,Small,SKU0105,16,79.39,117.46
dummy-product-106,Dummy Product 106,<p>This is a description for Dummy Product 106.</p>,Vendor 2,Type 1,"tag106,sample",TRUE,Size,Large,SKU0106,73,99.14,119.09
dummy-product-107,Dummy Product 107,<p>This is a description for Dummy Product 107.</p>,Vendor 2,Type 1,"tag107,sample",TRUE,Size,Small,SKU0107,93,34.19,109.65
dummy-product-108,Dummy Product 108,<p>This is a description for Dummy Product 108.</p>,Vendor 2,Type 1,"tag108,sample",TRUE,Size,Large,SKU0108,40,67.85,109.56
dummy-product-109,Dummy Product 109,<p>This is a description for Dummy Product 109.</p>,Vendor 2,Type 1,"tag109,sample",TRUE,Size,Small,SKU0109,17,78.32,114.96
dummy-product-110,Dummy Product 110,<p>This is a description for Dummy Product 110.</p>,Vendor 2,Type 1,"tag110,sample",TRUE,Size,Large,SKU0110,38,62.35,112.16
dummy-product-111,Dummy Product 111,<p>This is a description for Dummy Product 111.</p>,Vendor 2,Type 1,"tag111,sample",TRUE,Size,Small,SKU0111,55,45.41,113.15
dummy-product-112,Dummy Product 112,<p>This is a description for Dummy Product 112.</p>,Vendor 2,Type 1,"tag112,sample",TRUE,Size,Large,SKU0112,49,85.60,116.00
dummy-product-113,Dummy Product 113,<p>This is a description for Dummy Product 113.</p>,Vendor 2,Type 1,"tag113,sample",TRUE,Size,Small,SKU0113,89,60.12,111.90
dummy-product-114,Dummy Product 114,<p>This is a description for Dummy Product 114.</p>,Vendor 2,Type 1,"tag114,sample",TRUE,Size,Large,SKU0114,3,71.44,103.21
dummy-product-115,Dummy Product 115,<p>This is a description for Dummy Product 115.</p>,Vendor 2,Type 1,"tag115,sample",TRUE,Size,Small,SKU0115,80,41.20,116.90
dummy-product-116,Dummy Product 116,<p>This is a description for Dummy Product 116.</p>,Vendor 2,Type 1,"tag116,sample",TRUE,Size,Large,SKU0116,71,71.40,118.18
dummy-product-117,Dummy Product 117,<p>This is a description for Dummy Product 117.</p>,Vendor 2,Type 1,"tag117,sample",TRUE,Size,Small,SKU0117,77,72.67,108.38
dummy-product-118,Dummy Product 118,<p>This is a description for Dummy Product 118.</p>,Vendor 2,Type 1,"tag118,sample",TRUE,Size,Large,SKU0118,41,38.90,104.29
dummy-product-119,Dummy Product 119,<p>This is a description for Dummy Product 119.</p>,Vendor 2,Type 1,"tag119,sample",TRUE,Size,Small,SKU0119,27,14.28,103.08
dummy-product-120,Dummy Product 120,<p>This is a description for Dummy Product 120.</p>,Vendor 2,Type 1,"tag120,sample",TRUE,Size,Large,SKU0120,56,93.71,102.41
dummy-product-121,Dummy Product 121,<p>This is a description for Dummy Product 121.</p>,Vendor 2,Type 1,"tag121,sample",TRUE,Size,Small,SKU0121,81,28.17,104.54
dummy-product-122,Dummy Product 122,<p>This is a description for Dummy Product 122.</p>,Vendor 2,Type 1,"tag122,sample",TRUE,Size,Large,SKU0122,24,84.41,119.59
dummy-product-123,Dummy Product 123,<p>This is a description for Dummy Product 123.</p>,Vendor 2,Type 1,"tag123,sample",TRUE,Size,Small,SKU0123,70,52.00,106.97
dummy-product-124,Dummy Product 124,<p>This is a description for Dummy Product 124.</p>,Vendor 2,Type 1,"tag124,sample",TRUE,Size,Large,SKU0124,57,10.39,105.65
dummy-product-125,Dummy Product 125,<p>This is a description for Dummy Product 125.</p>,Vendor 2,Type 1,"tag125,sample",TRUE,Size,Small,SKU0125,77,91.16,113.94
dummy-product-126,Dummy Product 126,<p>This is a description for Dummy Product 126.</p>,Vendor 2,Type 1,"tag126,sample",TRUE,Size,Large,SKU0126,42,89.20,110.35
dummy-product-127,Dummy Product 127,<p>This is a description for Dummy Product 127.</p>,Vendor 2,Type 1,"tag127,sample",TRUE,Size,Small,SKU0127,16,80.72,119.10
dummy-product-128,Dummy Product 128,<p>This is a description for Dummy Product 128.</p>,Vendor 2,Type 1,"tag128,sample",TRUE,Size,Large,SKU0128,57,93.25,106.47
dummy-product-129,Dummy Product 129,<p>This is a description for Dummy Product 129.</p>,Vendor 2,Type 1,"tag129,sample",TRUE,Size,Small,SKU0129,40,65.53,113.47
dummy-product-130,Dummy Product 130,<p>This is a description for Dummy Product 130.</p>,Vendor 2,Type 1,"tag130,sample",TRUE,Size,Large,SKU0130,53,63.38,108.29
dummy-product-131,Dummy Product 131,<p>This is a description for Dummy Product 131.</p>,Vendor 2,Type 1,"tag131,sample",TRUE,Size,Small,SKU0131,94,48.64,102.42
dummy-product-132,Dummy Product 132,<p>This is a description for Dummy Product 132.</p>,Vendor 2,Type 1,"tag132,sample",TRUE,Size,Large,SKU0132,31,42.16,104.99
dummy-product-133,Dummy Product 133,<p>This is a description for Dummy Product 133.</p>,Vendor 2,Type 1,"tag133,sample",TRUE,Size,Small,SKU0133,86,49.08,104.09
dummy-product-134,Dummy Product 134,<p>This is a description for Dummy Product 134.</p>,Vendor 2,Type 1,"tag134,sample",TRUE,Size,Large,SKU0134,19,70.44,108.99
dummy-product-135,Dummy Product 135,<p>This is a description for Dummy Product 135.</p>,Vendor 2,Type 1,"tag135,sample",TRUE,Size,Small,SKU0135,13,53.83,107.87
dummy-product-136,Dummy Product 136,<p>This is a description for Dummy Product 136.</p>,Vendor 2,Type 1,"tag136,sample",TRUE,Size,Large,SKU0136,56,51.34,116.96
dummy-product-137,Dummy Product 137,<p>This is a description for Dummy Product 137.</p>,Vendor 2,Type 1,"tag137,sample",TRUE,Size,Small,SKU0137,9,4.96,106.39
dummy-product-138,Dummy Product 138,<p>This is a description for Dummy Product 138.</p>,Vendor 2,Type 1,"tag138,sample",TRUE,Size,Large,SKU0138,11,93.33,115.88
dummy-product-139,Dummy Product 139,<p>This is a description for Dummy Product 139.</p>,Vendor 2,Type 1,"tag139,sample",TRUE,Size,Small,SKU0139,10,37.07,109.55
dummy-product-140,Dummy Product 140,<p>This is a description for Dummy Product 140.</p>,Vendor 2,Type 1,"tag140,sample",TRUE,Size,Large,SKU0140,61,3.57,111.50
dummy-product-141,Dummy Product 141,<p>This is a description for Dummy Product 141.</p>,Vendor 2,Type 1,"tag141,sample",TRUE,Size,Small,SKU0141,20,85.35,111.51
dummy-product-142,Dummy Product 142,<p>This is a description for Dummy Product 142.</p>,Vendor 2,Type 1,"tag142,sample",TRUE,Size,Large,SKU0142,91,80.35,115.35
dummy-product-143,Dummy Product 143,<p>This is a description for Dummy Product 143.</p>,Vendor 2,Type 1,"tag143,sample",TRUE,Size,Small,SKU0143,39,57.33,119.21
dummy-product-144,Dummy Product 144,<p>This is a description for Dummy Product 144.</p>,Vendor 2,Type 1,"tag144,sample",TRUE,Size,Large,SKU0144,42,88.86,117.96
dummy-product-145,Dummy Product 145,<p>This is a description for Dummy Product 145.</p>,Vendor 2,Type 1,"tag145,sample",TRUE,Size,Small,SKU0145,56,97.81,114.94
dummy-product-146,Dummy Product 146,<p>This is a description for Dummy Product 146.</p>,Vendor 2,Type 1,"tag146,sample",TRUE,Size,Large,SKU0146,5,28.34,101.87
dummy-product-147,Dummy Product 147,<p>This is a description for Dummy Product 147.</p>,Vendor 2,Type 1,"tag147,sample",TRUE,Size,Small,SKU0147,16,70.46,110.02
dummy-product-148,Dummy Product 148,<p>This is a description for Dummy Product 148.</p>,Vendor 2,Type 1,"tag148,sample",TRUE,Size,Large,SKU0148,85,50.03,100.46
dummy-product-149,Dummy Product 149,<p>This is a description for Dummy Product 149.</p>,Vendor 2,Type 1,"tag149,sample",TRUE,Size,Small,SKU0149,74,91.88,113.41
dummy-product-150,Dummy Product 150,<p>This is a description for Dummy Product 150.</p>,Vendor 2,Type 1,"tag150,sample",TRUE,Size,Large,SKU0150,54,80.15,114.78
dummy-product-151,Dummy Product 151,<p>This is a description for Dummy Product 151.</p>,Vendor 2,Type 1,"tag151,sample",TRUE,Size,Small,SKU0151,61,21.93,106.67
dummy-product-152,Dummy Product 152,<p>This is a description for Dummy Product 152.</p>,Vendor 2,Type 1,"tag152,sample",TRUE,Size,Large,SKU0152,91,11.16,104.62
dummy-product-153,Dummy Product 153,<p>This is a description for Dummy Product 153.</p>,Vendor 2,Type 1,"tag153,sample",TRUE,Size,Small,SKU0153,85,44.45,110.39
dummy-product-154,Dummy Product 154,<p>This is a description for Dummy Product 154.</p>,Vendor 2,Type 1,"tag154,sample",TRUE,Size,Large,SKU0154,75,1.72,104.19
dummy-product-155,Dummy Product 155,<p>This is a description for Dummy Product 155.</p>,Vendor 2,Type 1,"tag155,sample",TRUE,Size,Small,SKU0155,97,32.22,109.58
dummy-product-156,Dummy Product 156,<p>This is a description for Dummy Product 156.</p>,Vendor 2,Type 1,"tag156,sample",TRUE,Size,Large,SKU0156,14,44.95,107.63
dummy-product-157,Dummy Product 157,<p>This is a description for Dummy Product 157.</p>,Vendor 2,Type 1,"tag157,sample",TRUE,Size,Small,SKU0157,37,35.95,115.69
dummy-product-158,Dummy Product 158,<p>This is a description for Dummy Product 158.</p>,Vendor 2,Type 1,"tag158,sample",TRUE,Size,Large,SKU0158,85,97.15,117.40
dummy-product-159,Dummy Product 159,<p>This is a description for Dummy Product 159.</p>,Vendor 2,Type 1,"tag159,sample",TRUE,Size,Small,SKU0159,36,76.16,115.00
dummy-product-160,Dummy Product 160,<p>This is a description for Dummy Product 160.</p>,Vendor 2,Type 1,"tag160,sample",TRUE,Size,Large,SKU0160,26,41.42,111.34
dummy-product-161,Dummy Product 161,<p>This is a description for Dummy Product 161.</p>,Vendor 2,Type 1,"tag161,sample",TRUE,Size,Small,SKU0161,2,70.98,106.74
dummy-product-162,Dummy Product 162,<p>This is a description for Dummy Product 162.</p>,Vendor 2,Type 1,"tag162,sample",TRUE,Size,Large,SKU0162,41,33.70,113.77
dummy-product-163,Dummy Product 163,<p>This is a description for Dummy Product 163.</p>,Vendor 2,Type 1,"tag163,sample",TRUE,Size,Small,SKU0163,66,59.07,118.13
dummy-product-164,Dummy Product 164,<p>This is a description for Dummy Product 164.</p>,Vendor 2,Type 1,"tag164,sample",TRUE,Size,Large,SKU0164,56,95.79,107.95
dummy-product-165,Dummy Product 165,<p>This is a description for Dummy Product 165.</p>,Vendor 2,Type 1,"tag165,sample",TRUE,Size,Small,SKU0165,95,33.11,107.79
dummy-product-166,Dummy Product 166,<p>This is a description for Dummy Product 166.</p>,Vendor 2,Type 1,"tag166,sample",TRUE,Size,Large,SKU0166,76,29.48,110.79
dummy-product-167,Dummy Product 167,<p>This is a description for Dummy Product 167.</p>,Vendor 2,Type 1,"tag167,sample",TRUE,Size,Small,SKU0167,53,81.60,116.28
dummy-product-168,Dummy Product 168,<p>This is a description for Dummy Product 168.</p>,Vendor 2,Type 1,"tag168,sample",TRUE,Size,Large,SKU0168,81,37.01,115.93
dummy-product-169,Dummy Product 169,<p>This is a description for Dummy Product 169.</p>,Vendor 2,Type 1,"tag169,sample",TRUE,Size,Small,SKU0169,15,86.69,114.65
dummy-product-170,Dummy Product 170,<p>This is a description for Dummy Product 170.</p>,Vendor 2,Type 1,"tag170,sample",TRUE,Size,Large,SKU0170,2,97.27,118.04
dummy-product-171,Dummy Product 171,<p>This is a description for Dummy Product 171.</p>,Vendor 2,Type 1,"tag171,sample",TRUE,Size,Small,SKU0171,71,6.85,102.98
dummy-product-172,Dummy Product 172,<p>This is a description for Dummy Product 172.</p>,Vendor 2,Type 1,"tag172,sample",TRUE,Size,Large,SKU0172,71,12.68,110.75
dummy-product-173,Dummy Product 173,<p>This is a description for Dummy Product 173.</p>,Vendor 2,Type 1,"tag173,sample",TRUE,Size,Small,SKU0173,91,41.49,111.12
dummy-product-174,Dummy Product 174,<p>This is a description for Dummy Product 174.</p>,Vendor 2,Type 1,"tag174,sample",TRUE,Size,Large,SKU0174,3,61.60,105.72
dummy-product-175,Dummy Product 175,<p>This is a description for Dummy Product 175.</p>,Vendor 2,Type 1,"tag175,sample",TRUE,Size,Small,SKU0175,16,22.73,112.22
dummy-product-176,Dummy Product 176,<p>This is a description for Dummy Product 176.</p>,Vendor 2,Type 1,"tag176,sample",TRUE,Size,Large,SKU0176,30,97.40,112.89
dummy-product-177,Dummy Product 177,<p>This is a description for Dummy Product 177.</p>,Vendor 2,Type 1,"tag177,sample",TRUE,Size,Small,SKU0177,49,72.16,117.55
dummy-product-178,Dummy Product 178,<p>This is a description for Dummy Product 178.</p>,Vendor 2,Type 1,"tag178,sample",TRUE,Size,Large,SKU0178,28,96.32,100.94
dummy-product-179,Dummy Product 179,<p>This is a description for Dummy Product 179.</p>,Vendor 2,Type 1,"tag179,sample",TRUE,Size,Small,SKU0179,44,33.27,105.74
dummy-product-180,Dummy Product 180,<p>This is a description for Dummy Product 180.</p>,Vendor 2,Type 1,"tag180,sample",TRUE,Size,Large,SKU0180,87,59.71,103.02
dummy-product-181,Dummy Product 181,<p>This is a description for Dummy Product 181.</p>,Vendor 2,Type 1,"tag181,sample",TRUE,Size,Small,SKU0181,66,73.38,102.33
dummy-product-182,Dummy Product 182,<p>This is a description for Dummy Product 182.</p>,Vendor 2,Type 1,"tag182,sample",TRUE,Size,Large,SKU0182,83,96.74,112.87
dummy-product-183,Dummy Product 183,<p>This is a description for Dummy Product 183.</p>,Vendor 2,Type 1,"tag183,sample",TRUE,Size,Small,SKU0183,2,6.45,107.88
dummy-product-184,Dummy Product 184,<p>This is a description for Dummy Product 184.</p>,Vendor 2,Type 1,"tag184,sample",TRUE,Size,Large,SKU0184,72,84.77,109.17
dummy-product-185,Dummy Product 185,<p>This is a description for Dummy Product 185.</p>,Vendor 2,Type 1,"tag185,sample",TRUE,Size,Small,SKU0185,31,93.37,108.44
dummy-product-186,Dummy Product 186,<p>This is a description for Dummy Product 186.</p>,Vendor 2,Type 1,"tag186,sample",TRUE,Size,Large,SKU0186,25,2.08,108.27
dummy-product-187,Dummy Product 187,<p>This is a description for Dummy Product 187.</p>,Vendor 2,Type 1,"tag187,sample",TRUE,Size,Small,SKU0187,66,30.79,111.10
dummy-product-188,Dummy Product 188,<p>This is a description for Dummy Product 188.</p>,Vendor 2,Type 1,"tag188,sample",TRUE,Size,Large,SKU0188,64,64.65,108.21
dummy-product-189,Dummy Product 189,<p>This is a description for Dummy Product 189.</p>,Vendor 2,Type 1,"tag189,sample",TRUE,Size,Small,SKU0189,78,44.86,102.17
dummy-product-190,Dummy Product 190,<p>This is a description for Dummy Product 190.</p>,Vendor 2,Type 1,"tag190,sample",TRUE,Size,Large,SKU0190,77,46.18,107.71
dummy-product-191,Dummy Product 191,<p>This is a description for Dummy Product 191.</p>,Vendor 2,Type 1,"tag191,sample",TRUE,Size,Small,SKU0191,90,96.10,103.35
dummy-product-192,Dummy Product 192,<p>This is a description for Dummy Product 192.</p>,Vendor 2,Type 1,"tag192,sample",TRUE,Size,Large,SKU0192,86,1.84,103.41
dummy-product-193,Dummy Product 193,<p>This is a description for Dummy Product 193.</p>,Vendor 2,Type 1,"tag193,sample",TRUE,Size,Small,SKU0193,83,84.81,119.49
dummy-product-194,Dummy Product 194,<p>This is a description for Dummy Product 194.</p>,Vendor 2,Type 1,"tag194,sample",TRUE,Size,Large,SKU0194,67,48.95,110.21
dummy-product-195,Dummy Product 195,<p>This is a description for Dummy Product 195.</p>,Vendor 2,Type 1,"tag195,sample",TRUE,Size,Small,SKU0195,42,22.44,108.06
dummy-product-196,Dummy Product 196,<p>This is a description for Dummy Product 196.</p>,Vendor 2,Type 1,"tag196,sample",TRUE,Size,Large,SKU0196,0,7.47,117.81
dummy-product-197,Dummy Product 197,<p>This is a description for Dummy Product 197.</p>,Vendor 2,Type 1,"tag197,sample",TRUE,Size,Small,SKU0197,29,11.03,103.13
dummy-product-198,Dummy Product 198,<p>This is a description for Dummy Product 198.</p>,Vendor 2,Type 1,"tag198,sample",TRUE,Size,Large,SKU0198,75,71.74,109.22
dummy-product-199,Dummy Product 199,<p>This is a description for Dummy Product 199.</p>,Vendor 2,Type 1,"tag199,sample",TRUE,Size,Small,SKU0199,98,29.86,107.00
dummy-product-200,Dummy Product 200,<p>This is a description for Dummy Product 200.</p>,Vendor 2,Type 1,"tag200,sample",TRUE,Size,Large,SKU0200,71,99.41,107.33
dummy-product-201,Dummy Product 201,<p>This is a description for Dummy Product 201.</p>,Vendor 3,Type 2,"tag201,sample",TRUE,Size,Small,SKU0201,48,47.92,103.38
dummy-product-202,Dummy Product 202,<p>This is a description for Dummy Product 202.</p>,Vendor 3,Type 2,"tag202,sample",TRUE,Size,Large,SKU0202,10,29.94,103.00
dummy-product-203,Dummy Product 203,<p>This is a description for Dummy Product 203.</p>,Vendor 3,Type 2,"tag203,sample",TRUE,Size,Small,SKU0203,21,20.76,104.67
dummy-product-204,Dummy Product 204,<p>This is a description for Dummy Product 204.</p>,Vendor 3,Type 2,"tag204,sample",TRUE,Size,Large,SKU0204,97,63.72,114.25
dummy-product-205,Dummy Product 205,<p>This is a description for Dummy Product 205.</p>,Vendor 3,Type 2,"tag205,sample",TRUE,Size,Small,SKU0205,81,51.67,111.00
dummy-product-206,Dummy Product 206,<p>This is a description for Dummy Product 206.</p>,Vendor 3,Type 2,"tag206,sample",TRUE,Size,Large,SKU0206,36,98.84,118.50
dummy-product-207,Dummy Product 207,<p>This is a description for Dummy Product 207.</p>,Vendor 3,Type 2,"tag207,sample",TRUE,Size,Small,SKU0207,89,56.32,103.67
dummy-product-208,Dummy Product 208,<p>This is a description for Dummy Product 208.</p>,Vendor 3,Type 2,"tag208,sample",TRUE,Size,Large,SKU0208,17,13.21,118.24
dummy-product-209,Dummy Product 209,<p>This is a description for Dummy Product 209.</p>,Vendor 3,Type 2,"tag209,sample",TRUE,Size,Small,SKU0209,61,62.13,112.63
dummy-product-210,Dummy Product 210,<p>This is a description for Dummy Product 210.</p>,Vendor 3,Type 2,"tag210,sample",TRUE,Size,Large,SKU0210,11,37.69,104.47
dummy-product-211,Dummy Product 211,<p>This is a description for Dummy Product 211.</p>,Vendor 3,Type 2,"tag211,sample",TRUE,Size,Small,SKU0211,33,33.13,106.37
dummy-product-212,Dummy Product 212,<p>This is a description for Dummy Product 212.</p>,Vendor 3,Type 2,"tag212,sample",TRUE,Size,Large,SKU0212,38,70.73,109.90
dummy-product-213,Dummy Product 213,<p>This is a description for Dummy Product 213.</p>,Vendor 3,Type 2,"tag213,sample",TRUE,Size,Small,SKU0213,51,67.77,114.07
dummy-product-214,Dummy Product 214,<p>This is a description for Dummy Product 214.</p>,Vendor 3,Type 2,"tag214,sample",TRUE,Size,Large,SKU0214,74,71.07,118.80
dummy-product-215,Dummy Product 215,<p>This is a description for Dummy Product 215.</p>,Vendor 3,Type 2,"tag215,sample",TRUE,Size,Small,SKU0215,66,39.23,105.83
dummy-product-216,Dummy Product 216,<p>This is a description for Dummy Product 216.</p>,Vendor 3,Type 2,"tag216,sample",TRUE,Size,Large,SKU0216,48,70.59,116.23
dummy-product-217,Dummy Product 217,<p>This is a description for Dummy Product 217.</p>,Vendor 3,Type 2,"tag217,sample",TRUE,Size,Small,SKU0217,96,60.45,112.34
dummy-product-218,Dummy Product 218,<p>This is a description for Dummy Product 218.</p>,Vendor 3,Type 2,"tag218,sample",TRUE,Size,Large,SKU0218,48,10.70,110.04
dummy-product-219,Dummy Product 219,<p>This is a description for Dummy Product 219.</p>,Vendor 3,Type 2,"tag219,sample",TRUE,Size,Small,SKU0219,73,39.19,117.88
dummy-product-220,Dummy Product 220,<p>This is a description for Dummy Product 220.</p>,Vendor 3,Type 2,"tag220,sample",TRUE,Size,Large,SKU0220,33,93.22,114.54
dummy-product-221,Dummy Product 221,<p>This is a description for Dummy Product 221.</p>,Vendor 3,Type 2,"tag221,sample",TRUE,Size,Small,SKU0221,49,15.98,100.80
dummy-product-222,Dummy Product 222,<p>This is a description for Dummy Product 222.</p>,Vendor 3,Type 2,"tag222,sample",TRUE,Size,Large,SKU0222,88,63.61,114.06
dummy-product-223,Dummy Product 223,<p>This is a description for Dummy Product 223.</p>,Vendor 3,Type 2,"tag223,sample",TRUE,Size,Small,SKU0223,73,21.61,113.35
dummy-product-224,Dummy Product 224,<p>This is a description for Dummy Product 224.</p>,Vendor 3,Type 2,"tag224,sample",TRUE,Size,Large,SKU0224,27,99.39,115.31
dummy-product-225,Dummy Product 225,<p>This is a description for Dummy Product 225.</p>,Vendor 3,Type 2,"tag225,sample",TRUE,Size,Small,SKU0225,87,41.09,119.10
dummy-product-226,Dummy Product 226,<p>This is a description for Dummy Product 226.</p>,Vendor 3,Type 2,"tag226,sample",TRUE,Size,Large,SKU0226,74,16.52,104.81
dummy-product-227,Dummy Product 227,<p>This is a description for Dummy Product 227.</p>,Vendor 3,Type 2,"tag227,sample",TRUE,Size,Small,SKU0227,54,85.90,102.32
dummy-product-228,Dummy Product 228,<p>This is a description for Dummy Product 228.</p>,Vendor 3,Type 2,"tag228,sample",TRUE,Size,Large,SKU0228,63,71.18,109.19
dummy-product-229,Dummy Product 229,<p>This is a description for Dummy Product 229.</p>,Vendor 3,Type 2,"tag229,sample",TRUE,Size,Small,SKU0229,91,34.00,105.67
dummy-product-230,Dummy Product 230,<p>This is a description for Dummy Product 230.</p>,Vendor 3,Type 2,"tag230,sample",TRUE,Size,Large,SKU0230,79,73.06,104.31
dummy-product-231,Dummy Product 231,<p>This is a description for Dummy Product 231.</p>,Vendor 3,Type 2,"tag231,sample",TRUE,Size,Small,SKU0231,82,19.59,101.79
dummy-product-232,Dummy Product 232,<p>This is a description for Dummy Product 232.</p>,Vendor 3,Type 2,"tag232,sample",TRUE,Size,Large,SKU0232,23,90.50,100.66
dummy-product-233,Dummy Product 233,<p>This is a description for Dummy Product 233.</p>,Vendor 3,Type 2,"tag233,sample",TRUE,Size,Small,SKU0233,81,99.44,118.97
dummy-product-234,Dummy Product 234,<p>This is a description for Dummy Product 234.</p>,Vendor 3,Type 2,"tag234,sample",TRUE,Size,Large,SKU0234,15,51.76,105.41
dummy-product-235,Dummy Product 235,<p>This is a description for Dummy Product 235.</p>,Vendor 3,Type 2,"tag235,sample",TRUE,Size,Small,SKU0235,65,82.60,109.45
dummy-product-236,Dummy Product 236,<p>This is a description for Dummy Product 236.</p>,Vendor 3,Type 2,"tag236,sample",TRUE,Size,Large,SKU0236,80,73.50,114.06
dummy-product-237,Dummy Product 237,<p>This is a description for Dummy Product 237.</p>,Vendor 3,Type 2,"tag237,sample",TRUE,Size,Small,SKU0237,11,55.69,119.45
dummy-product-238,Dummy Product 238,<p>This is a description for Dummy Product 238.</p>,Vendor 3,Type 2,"tag238,sample",TRUE,Size,Large,SKU0238,93,8.81,109.43
dummy-product-239,Dummy Product 239,<p>This is a description for Dummy Product 239.</p>,Vendor 3,Type 2,"tag239,sample",TRUE,Size,Small,SKU0239,45,29.57,110.65
dummy-product-240,Dummy Product 240,<p>This is a description for Dummy Product 240.</p>,Vendor 3,Type 2,"tag240,sample",TRUE,Size,Large,SKU0240,20,66.73,104.70
dummy-product-241,Dummy Product 241,<p>This is a description for Dummy Product 241.</p>,Vendor 3,Type 2,"tag241,sample",TRUE,Size,Small,SKU0241,19,59.69,106.05
dummy-product-242,Dummy Product 242,<p>This is a description for Dummy Product 242.</p>,Vendor 3,Type 2,"tag242,sample",TRUE,Size,Large,SKU0242,71,1.26,101.62
dummy-product-243,Dummy Product 243,<p>This is a description for Dummy Product 243.</p>,Vendor 3,Type 2,"tag243,sample",TRUE,Size,Small,SKU0243,75,76.43,118.83
dummy-product-244,Dummy Product 244,<p>This is a description for Dummy Product 244.</p>,Vendor 3,Type 2,"tag244,sample",TRUE,Size,Large,SKU0244,75,6.63,113.34
dummy-product-245,Dummy Product 245,<p>This is a description for Dummy Product 245.</p>,Vendor 3,Type 2,"tag245,sample",TRUE,Size,Small,SKU0245,57,53.16,108.98
dummy-product-246,Dummy Product 246,<p>This is a description for Dummy Product 246.</p>,Vendor 3,Type 2,"tag246,sample",TRUE,Size,Large,SKU0246,8,72.95,114.09
dummy-product-247,Dummy Product 247,<p>This is a description for Dummy Product 247.</p>,Vendor 3,Type 2,"tag247,sample",TRUE,Size,Small,SKU0247,66,44.39,115.98
dummy-product-248,Dummy Product 248,<p>This is a description for Dummy Product 248.</p>,Vendor 3,Type 2,"tag248,sample",TRUE,Size,Large,SKU0248,86,16.53,109.97
dummy-product-249,Dummy Product 249,<p>This is a description for Dummy Product 249.</p>,Vendor 3,Type 2,"tag249,sample",TRUE,Size,Small,SKU0249,43,8.30,102.32
dummy-product-250,Dummy Product 250,<p>This is a description for Dummy Product 250.</p>,Vendor 3,Type 2,"tag250,sample",TRUE,Size,Large,SKU0250,11,74.50,107.16
dummy-product-251,Dummy Product 251,<p>This is a description for Dummy Product 251.</p>,Vendor 3,Type 2,"tag251,sample",TRUE,Size,Small,SKU0251,5,89.09,105.50
dummy-product-252,Dummy Product 252,<p>This is a description for Dummy Product 252.</p>,Vendor 3,Type 2,"tag252,sample",TRUE,Size,Large,SKU0252,63,31.55,111.60
dummy-product-253,Dummy Product 253,<p>This is a description for Dummy Product 253.</p>,Vendor 3,Type 2,"tag253,sample",TRUE,Size,Small,SKU0253,33,50.04,112.11
dummy-product-254,Dummy Product 254,<p>This is a description for Dummy Product 254.</p>,Vendor 3,Type 2,"tag254,sample",TRUE,Size,Large,SKU0254,58,44.15,111.40
dummy-product-255,Dummy Product 255,<p>This is a description for Dummy Product 255.</p>,Vendor 3,Type 2,"tag255,sample",TRUE,Size,Small,SKU0255,65,72.19,108.90
dummy-product-256,Dummy Product 256,<p>This is a description for Dummy Product 256.</p>,Vendor 3,Type 2,"tag256,sample",TRUE,Size,Large,SKU0256,48,40.18,111.96
dummy-product-257,Dummy Product 257,<p>This is a description for Dummy Product 257.</p>,Vendor 3,Type 2,"tag257,sample",TRUE,Size,Small,SKU0257,55,83.87,115.32
dummy-product-258,Dummy Product 258,<p>This is a description for Dummy Product 258.</p>,Vendor 3,Type 2,"tag258,sample",TRUE,Size,Large,SKU0258,54,17.07,113.02
dummy-product-259,Dummy Product 259,<p>This is a description for Dummy Product 259.</p>,Vendor 3,Type 2,"tag259,sample",TRUE,Size,Small,SKU0259,38,6.42,103.92
dummy-product-260,Dummy Product 260,<p>This is a description for Dummy Product 260.</p>,Vendor 3,Type 2,"tag260,sample",TRUE,Size,Large,SKU0260,40,97.46,117.94
dummy-product-261,Dummy Product 261,<p>This is a description for Dummy Product 261.</p>,Vendor 3,Type 2,"tag261,sample",TRUE,Size,Small,SKU0261,15,67.00,106.08
dummy-product-262,Dummy Product 262,<p>This is a description for Dummy Product 262.</p>,Vendor 3,Type 2,"tag262,sample",TRUE,Size,Large,SKU0262,37,85.59,113.48
dummy-product-263,Dummy Product 263,<p>This is a description for Dummy Product 263.</p>,Vendor 3,Type 2,"tag263,sample",TRUE,Size,Small,SKU0263,11,79.57,118.84
dummy-product-264,Dummy Product 264,<p>This is a description for Dummy Product 264.</p>,Vendor 3,Type 2,"tag264,sample",TRUE,Size,Large,SKU0264,65,39.87,102.11
dummy-product-265,Dummy Product 265,<p>This is a description for Dummy Product 265.</p>,Vendor 3,Type 2,"tag265,sample",TRUE,Size,Small,SKU0265,98,65.15,114.40
dummy-product-266,Dummy Product 266,<p>This is a description for Dummy Product 266.</p>,Vendor 3,Type 2,"tag266,sample",TRUE,Size,Large,SKU0266,29,51.60,117.71
dummy-product-267,Dummy Product 267,<p>This is a description for Dummy Product 267.</p>,Vendor 3,Type 2,"tag267,sample",TRUE,Size,Small,SKU0267,75,26.12,108.35
dummy-product-268,Dummy Product 268,<p>This is a description for Dummy Product 268.</p>,Vendor 3,Type 2,"tag268,sample",TRUE,Size,Large,SKU0268,26,61.46,102.80
dummy-product-269,Dummy Product 269,<p>This is a description for Dummy Product 269.</p>,Vendor 3,Type 2,"tag269,sample",TRUE,Size,Small,SKU0269,33,95.50,104.50
dummy-product-270,Dummy Product 270,<p>This is a description for Dummy Product 270.</p>,Vendor 3,Type 2,"tag270,sample",TRUE,Size,Large,SKU0270,78,76.25,106.82
dummy-product-271,Dummy Product 271,<p>This is a description for Dummy Product 271.</p>,Vendor 3,Type 2,"tag271,sample",TRUE,Size,Small,SKU0271,79,85.53,119.94
dummy-product-272,Dummy Product 272,<p>This is a description for Dummy Product 272.</p>,Vendor 3,Type 2,"tag272,sample",TRUE,Size,Large,SKU0272,85,87.30,119.79
dummy-product-273,Dummy Product 273,<p>This is a description for Dummy Product 273.</p>,Vendor 3,Type 2,"tag273,sample",TRUE,Size,Small,SKU0273,20,89.45,104.48
dummy-product-274,Dummy Product 274,<p>This is a description for Dummy Product 274.</p>,Vendor 3,Type 2,"tag274,sample",TRUE,Size,Large,SKU0274,11,89.81,112.17
dummy-product-275,Dummy Product 275,<p>This is a description for Dummy Product 275.</p>,Vendor 3,Type 2,"tag275,sample",TRUE,Size,Small,SKU0275,43,23.05,112.32
dummy-product-276,Dummy Product 276,<p>This is a description for Dummy Product 276.</p>,Vendor 3,Type 2,"tag276,sample",TRUE,Size,Large,SKU0276,36,28.39,103.98
dummy-product-277,Dummy Product 277,<p>This is a description for Dummy Product 277.</p>,Vendor 3,Type 2,"tag277,sample",TRUE,Size,Small,SKU0277,15,88.28,114.52
dummy-product-278,Dummy Product 278,<p>This is a description for Dummy Product 278.</p>,Vendor 3,Type 2,"tag278,sample",TRUE,Size,Large,SKU0278,21,82.16,111.59
dummy-product-279,Dummy Product 279,<p>This is a description for Dummy Product 279.</p>,Vendor 3,Type 2,"tag279,sample",TRUE,Size,Small,SKU0279,54,4.50,103.50
dummy-product-280,Dummy Product 280,<p>This is a description for Dummy Product 280.</p>,Vendor 3,Type 2,"tag280,sample",TRUE,Size,Large,SKU0280,42,35.11,111.07
dummy-product-281,Dummy Product 281,<p>This is a description for Dummy Product 281.</p>,Vendor 3,Type 2,"tag281,sample",TRUE,Size,Small,SKU0281,69,85.51,102.46
dummy-product-282,Dummy Product 282,<p>This is a description for Dummy Product 282.</p>,Vendor 3,Type 2,"tag282,sample",TRUE,Size,Large,SKU0282,19,51.40,117.05
dummy-product-283,Dummy Product 283,<p>This is a description for Dummy Product 283.</p>,Vendor 3,Type 2,"tag283,sample",TRUE,Size,Small,SKU0283,71,54.29,119.72
dummy-product-284,Dummy Product 284,<p>This is a description for Dummy Product 284.</p>,Vendor 3,Type 2,"tag284,sample",TRUE,Size,Large,SKU0284,13,32.91,105.91
dummy-product-285,Dummy Product 285,<p>This is a description for Dummy Product 285.</p>,Vendor 3,Type 2,"tag285,sample",TRUE,Size,Small,SKU0285,79,75.91,109.48
dummy-product-286,Dummy Product 286,<p>This is a description for Dummy Product 286.</p>,Vendor 3,Type 2,"tag286,sample",TRUE,Size,Large,SKU0286,27,98.03,113.77
dummy-product-287,Dummy Product 287,<p>This is a description for Dummy Product 287.</p>,Vendor 3,Type 2,"tag287,sample",TRUE,Size,Small,SKU0287,43,47.99,115.49
dummy-product-288,Dummy Product 288,<p>This is a description for Dummy Product 288.</p>,Vendor 3,Type 2,"tag288,sample",TRUE,Size,Large,SKU0288,62,77.06,118.20
dummy-product-289,Dummy Product 289,<p>This is a description for Dummy Product 289.</p>,Vendor 3,Type 2,"tag289,sample",TRUE,Size,Small,SKU0289,43,20.85,103.20
dummy-product-290,Dummy Product 290,<p>This is a description for Dummy Product 290.</p>,Vendor 3,Type 2,"tag290,sample",TRUE,Size,Large,SKU0290,40,54.75,104.50
dummy-product-291,Dummy Product 291,<p>This is a description for Dummy Product 291.</p>,Vendor 3,Type 2,"tag291,sample",TRUE,Size,Small,SKU0291,77,28.15,115.14
dummy-product-292,Dummy Product 292,<p>This is a description for Dummy Product 292.</p>,Vendor 3,Type 2,"tag292,sample",TRUE,Size,Large,SKU0292,75,9.97,106.71
dummy-product-293,Dummy Product 293,<p>This is a description for Dummy Product 293.</p>,Vendor 3,Type 2,"tag293,sample",TRUE,Size,Small,SKU0293,91,57.70,108.25
dummy-product-294,Dummy Product 294,<p>This is a description for Dummy Product 294.</p>,Vendor 3,Type 2,"tag294,sample",TRUE,Size,Large,SKU0294,39,44.09,118.82
dummy-product-295,Dummy Product 295,<p>This is a description for Dummy Product 295.</p>,Vendor 3,Type 2,"tag295,sample",TRUE,Size,Small,SKU0295,2,69.62,118.27
dummy-product-296,Dummy Product 296,<p>This is a description for Dummy Product 296.</p>,Vendor 3,Type 2,"tag296,sample",TRUE,Size,Large,SKU0296,48,21.37,112.20
dummy-product-297,Dummy Product 297,<p>This is a description for Dummy Product 297.</p>,Vendor 3,Type 2,"tag297,sample",TRUE,Size,Small,SKU0297,29,93.86,109.04
dummy-product-298,Dummy Product 298,<p>This is a description for Dummy Product 298.</p>,Vendor 3,Type 2,"tag298,sample",TRUE,Size,Large,SKU0298,84,51.18,105.54
dummy-product-299,Dummy Product 299,<p>This is a description for Dummy Product 299.</p>,Vendor 3,Type 2,"tag299,sample",TRUE,Size,Small,SKU0299,70,59.71,106.78
dummy-product-300,Dummy Product 300,<p>This is a description for Dummy Product 300.</p>,Vendor 3,Type 2,"tag300,sample",TRUE,Size,Large,SKU0300,85,23.02,118.43
dummy-product-301,Dummy Product 301,<p>This is a description for Dummy Product 301.</p>,Vendor 4,Type 2,"tag301,sample",TRUE,Size,Small,SKU0301,15,29.45,100.64
dummy-product-302,Dummy Product 302,<p>This is a description for Dummy Product 302.</p>,Vendor 4,Type 2,"tag302,sample",TRUE,Size,Large,SKU0302,83,18.10,107.58
dummy-product-303,Dummy Product 303,<p>This is a description for Dummy Product 303.</p>,Vendor 4,Type 2,"tag303,sample",TRUE,Size,Small,SKU0303,24,47.72,114.65
dummy-product-304,Dummy Product 304,<p>This is a description for Dummy Product 304.</p>,Vendor 4,Type 2,"tag304,sample",TRUE,Size,Large,SKU0304,79,69.16,119.92
dummy-product-305,Dummy Product 305,<p>This is a description for Dummy Product 305.</p>,Vendor 4,Type 2,"tag305,sample",TRUE,Size,Small,SKU0305,80,9.82,113.93
dummy-product-306,Dummy Product 306,<p>This is a description for Dummy Product 306.</p>,Vendor 4,Type 2,"tag306,sample",TRUE,Size,Large,SKU0306,69,56.34,109.29
dummy-product-307,Dummy Product 307,<p>This is a description for Dummy Product 307.</p>,Vendor 4,Type 2,"tag307,sample",TRUE,Size,Small,SKU0307,66,14.25,105.59
dummy-product-308,Dummy Product 308,<p>This is a description for Dummy Product 308.</p>,Vendor 4,Type 2,"tag308,sample",TRUE,Size,Large,SKU0308,42,58.35,119.08
dummy-product-309,Dummy Product 309,<p>This is a description for Dummy Product 309.</p>,Vendor 4,Type 2,"tag309,sample",TRUE,Size,Small,SKU0309,11,32.63,103.40
dummy-product-310,Dummy Product 310,<p>This is a description for Dummy Product 310.</p>,Vendor 4,Type 2,"tag310,sample",TRUE,Size,Large,SKU0310,98,34.29,115.03
dummy-product-311,Dummy Product 311,<p>This is a description for Dummy Product 311.</p>,Vendor 4,Type 2,"tag311,sample",TRUE,Size,Small,SKU0311,52,96.79,114.90
dummy-product-312,Dummy Product 312,<p>This is a description for Dummy Product 312.</p>,Vendor 4,Type 2,"tag312,sample",TRUE,Size,Large,SKU0312,84,61.41,100.45
dummy-product-313,Dummy Product 313,<p>This is a description for Dummy Product 313.</p>,Vendor 4,Type 2,"tag313,sample",TRUE,Size,Small,SKU0313,81,64.68,109.10
dummy-product-314,Dummy Product 314,<p>This is a description for Dummy Product 314.</p>,Vendor 4,Type 2,"tag314,sample",TRUE,Size,Large,SKU0314,63,33.02,115.83
dummy-product-315,Dummy Product 315,<p>This is a description for Dummy Product 315.</p>,Vendor 4,Type 2,"tag315,sample",TRUE,Size,Small,SKU0315,76,34.22,109.79
dummy-product-316,Dummy Product 316,<p>This is a description for Dummy Product 316.</p>,Vendor 4,Type 2,"tag316,sample",TRUE,Size,Large,SKU0316,38,92.84,114.61
dummy-product-317,Dummy Product 317,<p>This is a description for Dummy Product 317.</p>,Vendor 4,Type 2,"tag317,sample",TRUE,Size,Small,SKU0317,0,67.99,115.75
dummy-product-318,Dummy Product 318,<p>This is a description for Dummy Product 318.</p>,Vendor 4,Type 2,"tag318,sample",TRUE,Size,Large,SKU0318,46,84.67,108.13
dummy-product-319,Dummy Product 319,<p>This is a description for Dummy Product 319.</p>,Vendor 4,Type 2,"tag319,sample",TRUE,Size,Small,SKU0319,27,36.37,107.67
dummy-product-320,Dummy Product 320,<p>This is a description for Dummy Product 320.</p>,Vendor 4,Type 2,"tag320,sample",TRUE,Size,Large,SKU0320,60,93.71,119.19
dummy-product-321,Dummy Product 321,<p>This is a description for Dummy Product 321.</p>,Vendor 4,Type 2,"tag321,sample",TRUE,Size,Small,SKU0321,82,69.90,111.96
dummy-product-322,Dummy Product 322,<p>This is a description for Dummy Product 322.</p>,Vendor 4,Type 2,"tag322,sample",TRUE,Size,Large,SKU0322,49,61.53,114.95
dummy-product-323,Dummy Product 323,<p>This is a description for Dummy Product 323.</p>,Vendor 4,Type 2,"tag323,sample",TRUE,Size,Small,SKU0323,5,24.51,105.42
dummy-product-324,Dummy Product 324,<p>This is a description for Dummy Product 324.</p>,Vendor 4,Type 2,"tag324,sample",TRUE,Size,Large,SKU0324,36,62.07,107.89
dummy-product-325,Dummy Product 325,<p>This is a description for Dummy Product 325.</p>,Vendor 4,Type 2,"tag325,sample",TRUE,Size,Small,SKU0325,81,88.48,111.23
dummy-product-326,Dummy Product 326,<p>This is a description for Dummy Product 326.</p>,Vendor 4,Type 2,"tag326,sample",TRUE,Size,Large,SKU0326,70,8.28,118.17
dummy-product-327,Dummy Product 327,<p>This is a description for Dummy Product 327.</p>,Vendor 4,Type 2,"tag327,sample",TRUE,Size,Small,SKU0327,69,70.79,108.22
dummy-product-328,Dummy Product 328,<p>This is a description for Dummy Product 328.</p>,Vendor 4,Type 2,"tag328,sample",TRUE,Size,Large,SKU0328,28,20.31,112.63
dummy-product-329,Dummy Product 329,<p>This is a description for Dummy Product 329.</p>,Vendor 4,Type 2,"tag329,sample",TRUE,Size,Small,SKU0329,13,54.89,109.43
dummy-product-330,Dummy Product 330,<p>This is a description for Dummy Product 330.</p>,Vendor 4,Type 2,"tag330,sample",TRUE,Size,Large,SKU0330,98,57.54,109.41
dummy-product-331,Dummy Product 331,<p>This is a description for Dummy Product 331.</p>,Vendor 4,Type 2,"tag331,sample",TRUE,Size,Small,SKU0331,7,54.65,105.05
dummy-product-332,Dummy Product 332,<p>This is a description for Dummy Product 332.</p>,Vendor 4,Type 2,"tag332,sample",TRUE,Size,Large,SKU0332,78,84.27,103.66
dummy-product-333,Dummy Product 333,<p>This is a description for Dummy Product 333.</p>,Vendor 4,Type 2,"tag333,sample",TRUE,Size,Small,SKU0333,39,66.72,117.17
dummy-product-334,Dummy Product 334,<p>This is a description for Dummy Product 334.</p>,Vendor 4,Type 2,"tag334,sample",TRUE,Size,Large,SKU0334,44,1.58,101.65
dummy-product-335,Dummy Product 335,<p>This is a description for Dummy Product 335.</p>,Vendor 4,Type 2,"tag335,sample",TRUE,Size,Small,SKU0335,72,58.45,104.95
dummy-product-336,Dummy Product 336,<p>This is a description for Dummy Product 336.</p>,Vendor 4,Type 2,"tag336,sample",TRUE,Size,Large,SKU0336,84,91.73,104.97
dummy-product-337,Dummy Product 337,<p>This is a description for Dummy Product 337.</p>,Vendor 4,Type 2,"tag337,sample",TRUE,Size,Small,SKU0337,9,45.54,108.99
dummy-product-338,Dummy Product 338,<p>This is a description for Dummy Product 338.</p>,Vendor 4,Type 2,"tag338,sample",TRUE,Size,Large,SKU0338,87,45.78,117.88
dummy-product-339,Dummy Product 339,<p>This is a description for Dummy Product 339.</p>,Vendor 4,Type 2,"tag339,sample",TRUE,Size,Small,SKU0339,59,93.71,111.11
dummy-product-340,Dummy Product 340,<p>This is a description for Dummy Product 340.</p>,Vendor 4,Type 2,"tag340,sample",TRUE,Size,Large,SKU0340,86,55.75,113.63
dummy-product-341,Dummy Product 341,<p>This is a description for Dummy Product 341.</p>,Vendor 4,Type 2,"tag341,sample",TRUE,Size,Small,SKU0341,71,64.32,101.10
dummy-product-342,Dummy Product 342,<p>This is a description for Dummy Product 342.</p>,Vendor 4,Type 2,"tag342,sample",TRUE,Size,Large,SKU0342,65,15.48,109.56
dummy-product-343,Dummy Product 343,<p>This is a description for Dummy Product 343.</p>,Vendor 4,Type 2,"tag343,sample",TRUE,Size,Small,SKU0343,88,48.35,100.31
dummy-product-344,Dummy Product 344,<p>This is a description for Dummy Product 344.</p>,Vendor 4,Type 2,"tag344,sample",TRUE,Size,Large,SKU0344,59,82.99,114.46
dummy-product-345,Dummy Product 345,<p>This is a description for Dummy Product 345.</p>,Vendor 4,Type 2,"tag345,sample",TRUE,Size,Small,SKU0345,35,41.14,102.81
dummy-product-346,Dummy Product 346,<p>This is a description for Dummy Product 346.</p>,Vendor 4,Type 2,"tag346,sample",TRUE,Size,Large,SKU0346,3,84.68,105.27
dummy-product-347,Dummy Product 347,<p>This is a description for Dummy Product 347.</p>,Vendor 4,Type 2,"tag347,sample",TRUE,Size,Small,SKU0347,59,90.60,118.54
dummy-product-348,Dummy Product 348,<p>This is a description for Dummy Product 348.</p>,Vendor 4,Type 2,"tag348,sample",TRUE,Size,Large,SKU0348,42,95.44,119.27
dummy-product-349,Dummy Product 349,<p>This is a description for Dummy Product 349.</p>,Vendor 4,Type 2,"tag349,sample",TRUE,Size,Small,SKU0349,94,76.95,115.27
dummy-product-350,Dummy Product 350,<p>This is a description for Dummy Product 350.</p>,Vendor 4,Type 2,"tag350,sample",TRUE,Size,Large,SKU0350,1,12.60,105.23
dummy-product-351,Dummy Product 351,<p>This is a description for Dummy Product 351.</p>,Vendor 4,Type 2,"tag351,sample",TRUE,Size,Small,SKU0351,95,39.77,105.32
dummy-product-352,Dummy Product 352,<p>This is a description for Dummy Product 352.</p>,Vendor 4,Type 2,"tag352,sample",TRUE,Size,Large,SKU0352,71,48.46,116.50
dummy-product-353,Dummy Product 353,<p>This is a description for Dummy Product 353.</p>,Vendor 4,Type 2,"tag353,sample",TRUE,Size,Small,SKU0353,65,20.69,100.66
dummy-product-354,Dummy Product 354,<p>This is a description for Dummy Product 354.</p>,Vendor 4,Type 2,"tag354,sample",TRUE,Size,Large,SKU0354,7,95.80,102.19
dummy-product-355,Dummy Product 355,<p>This is a description for Dummy Product 355.</p>,Vendor 4,Type 2,"tag355,sample",TRUE,Size,Small,SKU0355,79,63.41,113.63
dummy-product-356,Dummy Product 356,<p>This is a description for Dummy Product 356.</p>,Vendor 4,Type 2,"tag356,sample",TRUE,Size,Large,SKU0356,38,85.56,103.17
dummy-product-357,Dummy Product 357,<p>This is a description for Dummy Product 357.</p>,Vendor 4,Type 2,"tag357,sample",TRUE,Size,Small,SKU0357,54,51.20,111.40
dummy-product-358,Dummy Product 358,<p>This is a description for Dummy Product 358.</p>,Vendor 4,Type 2,"tag358,sample",TRUE,Size,Large,SKU0358,45,16.41,116.04
dummy-product-359,Dummy Product 359,<p>This is a description for Dummy Product 359.</p>,Vendor 4,Type 2,"tag359,sample",TRUE,Size,Small,SKU0359,49,89.75,100.27
dummy-product-360,Dummy Product 360,<p>This is a description for Dummy Product 360.</p>,Vendor 4,Type 2,"tag360,sample",TRUE,Size,Large,SKU0360,58,78.05,100.35
dummy-product-361,Dummy Product 361,<p>This is a description for Dummy Product 361.</p>,Vendor 4,Type 2,"tag361,sample",TRUE,Size,Small,SKU0361,43,97.46,114.56
dummy-product-362,Dummy Product 362,<p>This is a description for Dummy Product 362.</p>,Vendor 4,Type 2,"tag362,sample",TRUE,Size,Large,SKU0362,41,33.79,110.88
dummy-product-363,Dummy Product 363,<p>This is a description for Dummy Product 363.</p>,Vendor 4,Type 2,"tag363,sample",TRUE,Size,Small,SKU0363,49,55.19,114.44
dummy-product-364,Dummy Product 364,<p>This is a description for Dummy Product 364.</p>,Vendor 4,Type 2,"tag364,sample",TRUE,Size,Large,SKU0364,33,60.52,111.52
dummy-product-365,Dummy Product 365,<p>This is a description for Dummy Product 365.</p>,Vendor 4,Type 2,"tag365,sample",TRUE,Size,Small,SKU0365,60,55.68,104.31
dummy-product-366,Dummy Product 366,<p>This is a description for Dummy Product 366.</p>,Vendor 4,Type 2,"tag366,sample",TRUE,Size,Large,SKU0366,91,25.03,102.12
dummy-product-367,Dummy Product 367,<p>This is a description for Dummy Product 367.</p>,Vendor 4,Type 2,"tag367,sample",TRUE,Size,Small,SKU0367,79,58.96,116.81
dummy-product-368,Dummy Product 368,<p>This is a description for Dummy Product 368.</p>,Vendor 4,Type 2,"tag368,sample",TRUE,Size,Large,SKU0368,92,0.99,107.45
dummy-product-369,Dummy Product 369,<p>This is a description for Dummy Product 369.</p>,Vendor 4,Type 2,"tag369,sample",TRUE,Size,Small,SKU0369,57,57.87,107.88
dummy-product-370,Dummy Product 370,<p>This is a description for Dummy Product 370.</p>,Vendor 4,Type 2,"tag370,sample",TRUE,Size,Large,SKU0370,36,74.40,110.08
dummy-product-371,Dummy Product 371,<p>This is a description for Dummy Product 371.</p>,Vendor 4,Type 2,"tag371,sample",TRUE,Size,Small,SKU0371,47,18.69,115.81
dummy-product-372,Dummy Product 372,<p>This is a description for Dummy Product 372.</p>,Vendor 4,Type 2,"tag372,sample",TRUE,Size,Large,SKU0372,96,25.32,119.60
dummy-product-373,Dummy Product 373,<p>This is a description for Dummy Product 373.</p>,Vendor 4,Type 2,"tag373,sample",TRUE,Size,Small,SKU0373,49,36.31,103.91
dummy-product-374,Dummy Product 374,<p>This is a description for Dummy Product 374.</p>,Vendor 4,Type 2,"tag374,sample",TRUE,Size,Large,SKU0374,43,12.22,115.00
dummy-product-375,Dummy Product 375,<p>This is a description for Dummy Product 375.</p>,Vendor 4,Type 2,"tag375,sample",TRUE,Size,Small,SKU0375,65,72.29,102.29
dummy-product-376,Dummy Product 376,<p>This is a description for Dummy Product 376.</p>,Vendor 4,Type 2,"tag376,sample",TRUE,Size,Large,SKU0376,48,66.10,108.68
dummy-product-377,Dummy Product 377,<p>This is a description for Dummy Product 377.</p>,Vendor 4,Type 2,"tag377,sample",TRUE,Size,Small,SKU0377,42,51.74,111.59
dummy-product-378,Dummy Product 378,<p>This is a description for Dummy Product 378.</p>,Vendor 4,Type 2,"tag378,sample",TRUE,Size,Large,SKU0378,69,93.46,102.28
dummy-product-379,Dummy Product 379,<p>This is a description for Dummy Product 379.</p>,Vendor 4,Type 2,"tag379,sample",TRUE,Size,Small,SKU0379,48,95.51,101.98
dummy-product-380,Dummy Product 380,<p>This is a description for Dummy Product 380.</p>,Vendor 4,Type 2,"tag380,sample",TRUE,Size,Large,SKU0380,44,47.11,107.73
dummy-product-381,Dummy Product 381,<p>This is a description for Dummy Product 381.</p>,Vendor 4,Type 2,"tag381,sample",TRUE,Size,Small,SKU0381,65,90.25,115.71
dummy-product-382,Dummy Product 382,<p>This is a description for Dummy Product 382.</p>,Vendor 4,Type 2,"tag382,sample",TRUE,Size,Large,SKU0382,85,43.78,105.42
dummy-product-383,Dummy Product 383,<p>This is a description for Dummy Product 383.</p>,Vendor 4,Type 2,"tag383,sample",TRUE,Size,Small,SKU0383,90,84.82,108.62
dummy-product-384,Dummy Product 384,<p>This is a description for Dummy Product 384.</p>,Vendor 4,Type 2,"tag384,sample",TRUE,Size,Large,SKU0384,93,53.69,105.48
dummy-product-385,Dummy Product 385,<p>This is a description for Dummy Product 385.</p>,Vendor 4,Type 2,"tag385,sample",TRUE,Size,Small,SKU0385,4,33.64,103.13
dummy-product-386,Dummy Product 386,<p>This is a description for Dummy Product 386.</p>,Vendor 4,Type 2,"tag386,sample",TRUE,Size,Large,SKU0386,3,58.63,112.11
dummy-product-387,Dummy Product 387,<p>This is a description for Dummy Product 387.</p>,Vendor 4,Type 2,"tag387,sample",TRUE,Size,Small,SKU0387,10,9.68,106.48
dummy-product-388,Dummy Product 388,<p>This is a description for Dummy Product 388.</p>,Vendor 4,Type 2,"tag388,sample",TRUE,Size,Large,SKU0388,18,28.78,103.53
dummy-product-389,Dummy Product 389,<p>This is a description for Dummy Product 389.</p>,Vendor 4,Type 2,"tag389,sample",TRUE,Size,Small,SKU0389,40,37.46,105.50
dummy-product-390,Dummy Product 390,<p>This is a description for Dummy Product 390.</p>,Vendor 4,Type 2,"tag390,sample",TRUE,Size,Large,SKU0390,83,65.60,101.00
dummy-product-391,Dummy Product 391,<p>This is a description for Dummy Product 391.</p>,Vendor 4,Type 2,"tag391,sample",TRUE,Size,Small,SKU0391,6,94.92,104.60
dummy-product-392,Dummy Product 392,<p>This is a description for Dummy Product 392.</p>,Vendor 4,Type 2,"tag392,sample",TRUE,Size,Large,SKU0392,64,11.73,119.64
dummy-product-393,Dummy Product 393,<p>This is a description for Dummy Product 393.</p>,Vendor 4,Type 2,"tag393,sample",TRUE,Size,Small,SKU0393,33,59.39,117.48
dummy-product-394,Dummy Product 394,<p>This is a description for Dummy Product 394.</p>,Vendor 4,Type 2,"tag394,sample",TRUE,Size,Large,SKU0394,47,58.95,105.62
dummy-product-395,Dummy Product 395,<p>This is a description for Dummy Product 395.</p>,Vendor 4,Type 2,"tag395,sample",TRUE,Size,Small,SKU0395,44,81.03,111.45
dummy-product-396,Dummy Product 396,<p>This is a description for Dummy Product 396.</p>,Vendor 4,Type 2,"tag396,sample",TRUE,Size,Large,SKU0396,88,67.64,118.97
dummy-product-397,Dummy Product 397,<p>This is a description for Dummy Product 397.</p>,Vendor 4,Type 2,"tag397,sample",TRUE,Size,Small,SKU0397,58,14.02,107.47
dummy-product-398,Dummy Product 398,<p>This is a description for Dummy Product 398.</p>,Vendor 4,Type 2,"tag398,sample",TRUE,Size,Large,SKU0398,13,53.43,100.29
dummy-product-399,Dummy Product 399,<p>This is a description for Dummy Product 399.</p>,Vendor 4,Type 2,"tag399,sample",TRUE,Size,Small,SKU0399,17,41.42,119.69
dummy-product-400,Dummy Product 400,<p>This is a description for Dummy Product 400.</p>,Vendor 4,Type 2,"tag400,sample",TRUE,Size,Large,SKU0400,53,44.71,119.23
dummy-product-401,Dummy Product 401,<p>This is a description for Dummy Product 401.</p>,Vendor 5,Type 3,"tag401,sample",TRUE,Size,Small,SKU0401,12,76.52,112.92
dummy-product-402,Dummy Product 402,<p>This is a description for Dummy Product 402.</p>,Vendor 5,Type 3,"tag402,sample",TRUE,Size,Large,SKU0402,74,4.63,114.77
dummy-product-403,Dummy Product 403,<p>This is a description for Dummy Product 403.</p>,Vendor 5,Type 3,"tag403,sample",TRUE,Size,Small,SKU0403,85,49.88,117.89
dummy-product-404,Dummy Product 404,<p>This is a description for Dummy Product 404.</p>,Vendor 5,Type 3,"tag404,sample",TRUE,Size,Large,SKU0404,77,47.57,110.64
dummy-product-405,Dummy Product 405,<p>This is a description for Dummy Product 405.</p>,Vendor 5,Type 3,"tag405,sample",TRUE,Size,Small,SKU0405,50,17.16,105.49
dummy-product-406,Dummy Product 406,<p>This is a description for Dummy Product 406.</p>,Vendor 5,Type 3,"tag406,sample",TRUE,Size,Large,SKU0406,96,18.51,104.86
dummy-product-407,Dummy Product 407,<p>This is a description for Dummy Product 407.</p>,Vendor 5,Type 3,"tag407,sample",TRUE,Size,Small,SKU0407,8,79.67,104.55
dummy-product-408,Dummy Product 408,<p>This is a description for Dummy Product 408.</p>,Vendor 5,Type 3,"tag408,sample",TRUE,Size,Large,SKU0408,36,45.16,103.52
dummy-product-409,Dummy Product 409,<p>This is a description for Dummy Product 409.</p>,Vendor 5,Type 3,"tag409,sample",TRUE,Size,Small,SKU0409,9,74.66,107.54
dummy-product-410,Dummy Product 410,<p>This is a description for Dummy Product 410.</p>,Vendor 5,Type 3,"tag410,sample",TRUE,Size,Large,SKU0410,5,90.21,115.09
dummy-product-411,Dummy Product 411,<p>This is a description for Dummy Product 411.</p>,Vendor 5,Type 3,"tag411,sample",TRUE,Size,Small,SKU0411,23,23.03,100.90
dummy-product-412,Dummy Product 412,<p>This is a description for Dummy Product 412.</p>,Vendor 5,Type 3,"tag412,sample",TRUE,Size,Large,SKU0412,84,99.57,113.35
dummy-product-413,Dummy Product 413,<p>This is a description for Dummy Product 413.</p>,Vendor 5,Type 3,"tag413,sample",TRUE,Size,Small,SKU0413,75,44.85,117.03
dummy-product-414,Dummy Product 414,<p>This is a description for Dummy Product 414.</p>,Vendor 5,Type 3,"tag414,sample",TRUE,Size,Large,SKU0414,39,29.60,102.60
dummy-product-415,Dummy Product 415,<p>This is a description for Dummy Product 415.</p>,Vendor 5,Type 3,"tag415,sample",TRUE,Size,Small,SKU0415,43,66.31,112.02
dummy-product-416,Dummy Product 416,<p>This is a description for Dummy Product 416.</p>,Vendor 5,Type 3,"tag416,sample",TRUE,Size,Large,SKU0416,74,26.63,118.16
dummy-product-417,Dummy Product 417,<p>This is a description for Dummy Product 417.</p>,Vendor 5,Type 3,"tag417,sample",TRUE,Size,Small,SKU0417,62,11.17,101.40
dummy-product-418,Dummy Product 418,<p>This is a description for Dummy Product 418.</p>,Vendor 5,Type 3,"tag418,sample",TRUE,Size,Large,SKU0418,41,62.20,115.04
dummy-product-419,Dummy Product 419,<p>This is a description for Dummy Product 419.</p>,Vendor 5,Type 3,"tag419,sample",TRUE,Size,Small,SKU0419,64,38.58,105.78
dummy-product-420,Dummy Product 420,<p>This is a description for Dummy Product 420.</p>,Vendor 5,Type 3,"tag420,sample",TRUE,Size,Large,SKU0420,93,62.41,119.70
dummy-product-421,Dummy Product 421,<p>This is a description for Dummy Product 421.</p>,Vendor 5,Type 3,"tag421,sample",TRUE,Size,Small,SKU0421,52,63.85,100.93
dummy-product-422,Dummy Product 422,<p>This is a description for Dummy Product 422.</p>,Vendor 5,Type 3,"tag422,sample",TRUE,Size,Large,SKU0422,65,8.07,113.88
dummy-product-423,Dummy Product 423,<p>This is a description for Dummy Product 423.</p>,Vendor 5,Type 3,"tag423,sample",TRUE,Size,Small,SKU0423,86,6.75,105.15
dummy-product-424,Dummy Product 424,<p>This is a description for Dummy Product 424.</p>,Vendor 5,Type 3,"tag424,sample",TRUE,Size,Large,SKU0424,6,85.17,103.82
dummy-product-425,Dummy Product 425,<p>This is a description for Dummy Product 425.</p>,Vendor 5,Type 3,"tag425,sample",TRUE,Size,Small,SKU0425,40,72.17,113.26
dummy-product-426,Dummy Product 426,<p>This is a description for Dummy Product 426.</p>,Vendor 5,Type 3,"tag426,sample",TRUE,Size,Large,SKU0426,58,61.46,113.35
dummy-product-427,Dummy Product 427,<p>This is a description for Dummy Product 427.</p>,Vendor 5,Type 3,"tag427,sample",TRUE,Size,Small,SKU0427,49,37.36,118.45
dummy-product-428,Dummy Product 428,<p>This is a description for Dummy Product 428.</p>,Vendor 5,Type 3,"tag428,sample",TRUE,Size,Large,SKU0428,86,0.79,115.19
dummy-product-429,Dummy Product 429,<p>This is a description for Dummy Product 429.</p>,Vendor 5,Type 3,"tag429,sample",TRUE,Size,Small,SKU0429,49,54.60,105.32
dummy-product-430,Dummy Product 430,<p>This is a description for Dummy Product 430.</p>,Vendor 5,Type 3,"tag430,sample",TRUE,Size,Large,SKU0430,75,27.26,115.20
dummy-product-431,Dummy Product 431,<p>This is a description for Dummy Product 431.</p>,Vendor 5,Type 3,"tag431,sample",TRUE,Size,Small,SKU0431,62,24.62,113.34
dummy-product-432,Dummy Product 432,<p>This is a description for Dummy Product 432.</p>,Vendor 5,Type 3,"tag432,sample",TRUE,Size,Large,SKU0432,81,70.64,100.73
dummy-product-433,Dummy Product 433,<p>This is a description for Dummy Product 433.</p>,Vendor 5,Type 3,"tag433,sample",TRUE,Size,Small,SKU0433,35,96.18,116.91
dummy-product-434,Dummy Product 434,<p>This is a description for Dummy Product 434.</p>,Vendor 5,Type 3,"tag434,sample",TRUE,Size,Large,SKU0434,24,63.32,113.61
dummy-product-435,Dummy Product 435,<p>This is a description for Dummy Product 435.</p>,Vendor 5,Type 3,"tag435,sample",TRUE,Size,Small,SKU0435,10,52.44,110.56
dummy-product-436,Dummy Product 436,<p>This is a description for Dummy Product 436.</p>,Vendor 5,Type 3,"tag436,sample",TRUE,Size,Large,SKU0436,63,16.13,109.20
dummy-product-437,Dummy Product 437,<p>This is a description for Dummy Product 437.</p>,Vendor 5,Type 3,"tag437,sample",TRUE,Size,Small,SKU0437,2,74.90,119.05
dummy-product-438,Dummy Product 438,<p>This is a description for Dummy Product 438.</p>,Vendor 5,Type 3,"tag438,sample",TRUE,Size,Large,SKU0438,44,13.74,113.01
dummy-product-439,Dummy Product 439,<p>This is a description for Dummy Product 439.</p>,Vendor 5,Type 3,"tag439,sample",TRUE,Size,Small,SKU0439,48,4.16,111.39
dummy-product-440,Dummy Product 440,<p>This is a description for Dummy Product 440.</p>,Vendor 5,Type 3,"tag440,sample",TRUE,Size,Large,SKU0440,94,33.78,102.00
dummy-product-441,Dummy Product 441,<p>This is a description for Dummy Product 441.</p>,Vendor 5,Type 3,"tag441,sample",TRUE,Size,Small,SKU0441,15,88.30,117.83
dummy-product-442,Dummy Product 442,<p>This is a description for Dummy Product 442.</p>,Vendor 5,Type 3,"tag442,sample",TRUE,Size,Large,SKU0442,59,7.78,114.97
dummy-product-443,Dummy Product 443,<p>This is a description for Dummy Product 443.</p>,Vendor 5,Type 3,"tag443,sample",TRUE,Size,Small,SKU0443,98,13.15,101.98
dummy-product-444,Dummy Product 444,<p>This is a description for Dummy Product 444.</p>,Vendor 5,Type 3,"tag444,sample",TRUE,Size,Large,SKU0444,93,51.03,104.92
dummy-product-445,Dummy Product 445,<p>This is a description for Dummy Product 445.</p>,Vendor 5,Type 3,"tag445,sample",TRUE,Size,Small,SKU0445,24,3.61,117.99
dummy-product-446,Dummy Product 446,<p>This is a description for Dummy Product 446.</p>,Vendor 5,Type 3,"tag446,sample",TRUE,Size,Large,SKU0446,30,9.02,106.24
dummy-product-447,Dummy Product 447,<p>This is a description for Dummy Product 447.</p>,Vendor 5,Type 3,"tag447,sample",TRUE,Size,Small,SKU0447,12,41.30,104.79
dummy-product-448,Dummy Product 448,<p>This is a description for Dummy Product 448.</p>,Vendor 5,Type 3,"tag448,sample",TRUE,Size,Large,SKU0448,34,33.26,112.83
dummy-product-449,Dummy Product 449,<p>This is a description for Dummy Product 449.</p>,Vendor 5,Type 3,"tag449,sample",TRUE,Size,Small,SKU0449,56,50.43,105.51
dummy-product-450,Dummy Product 450,<p>This is a description for Dummy Product 450.</p>,Vendor 5,Type 3,"tag450,sample",TRUE,Size,Large,SKU0450,36,65.31,116.22
dummy-product-451,Dummy Product 451,<p>This is a description for Dummy Product 451.</p>,Vendor 5,Type 3,"tag451,sample",TRUE,Size,Small,SKU0451,96,59.86,103.19
dummy-product-452,Dummy Product 452,<p>This is a description for Dummy Product 452.</p>,Vendor 5,Type 3,"tag452,sample",TRUE,Size,Large,SKU0452,8,54.57,119.03
dummy-product-453,Dummy Product 453,<p>This is a description for Dummy Product 453.</p>,Vendor 5,Type 3,"tag453,sample",TRUE,Size,Small,SKU0453,57,20.56,100.45
dummy-product-454,Dummy Product 454,<p>This is a description for Dummy Product 454.</p>,Vendor 5,Type 3,"tag454,sample",TRUE,Size,Large,SKU0454,22,65.98,109.40
dummy-product-455,Dummy Product 455,<p>This is a description for Dummy Product 455.</p>,Vendor 5,Type 3,"tag455,sample",TRUE,Size,Small,SKU0455,29,80.38,107.23
dummy-product-456,Dummy Product 456,<p>This is a description for Dummy Product 456.</p>,Vendor 5,Type 3,"tag456,sample",TRUE,Size,Large,SKU0456,18,74.02,106.12
dummy-product-457,Dummy Product 457,<p>This is a description for Dummy Product 457.</p>,Vendor 5,Type 3,"tag457,sample",TRUE,Size,Small,SKU0457,86,79.08,100.06
dummy-product-458,Dummy Product 458,<p>This is a description for Dummy Product 458.</p>,Vendor 5,Type 3,"tag458,sample",TRUE,Size,Large,SKU0458,80,53.15,117.21
dummy-product-459,Dummy Product 459,<p>This is a description for Dummy Product 459.</p>,Vendor 5,Type 3,"tag459,sample",TRUE,Size,Small,SKU0459,20,22.13,119.34
dummy-product-460,Dummy Product 460,<p>This is a description for Dummy Product 460.</p>,Vendor 5,Type 3,"tag460,sample",TRUE,Size,Large,SKU0460,71,16.01,110.93
dummy-product-461,Dummy Product 461,<p>This is a description for Dummy Product 461.</p>,Vendor 5,Type 3,"tag461,sample",TRUE,Size,Small,SKU0461,18,20.53,108.96
dummy-product-462,Dummy Product 462,<p>This is a description for Dummy Product 462.</p>,Vendor 5,Type 3,"tag462,sample",TRUE,Size,Large,SKU0462,16,20.28,118.07
dummy-product-463,Dummy Product 463,<p>This is a description for Dummy Product 463.</p>,Vendor 5,Type 3,"tag463,sample",TRUE,Size,Small,SKU0463,25,87.95,115.06
dummy-product-464,Dummy Product 464,<p>This is a description for Dummy Product 464.</p>,Vendor 5,Type 3,"tag464,sample",TRUE,Size,Large,SKU0464,18,68.62,105.08
dummy-product-465,Dummy Product 465,<p>This is a description for Dummy Product 465.</p>,Vendor 5,Type 3,"tag465,sample",TRUE,Size,Small,SKU0465,66,30.77,112.62
dummy-product-466,Dummy Product 466,<p>This is a description for Dummy Product 466.</p>,Vendor 5,Type 3,"tag466,sample",TRUE,Size,Large,SKU0466,92,56.76,107.99
dummy-product-467,Dummy Product 467,<p>This is a description for Dummy Product 467.</p>,Vendor 5,Type 3,"tag467,sample",TRUE,Size,Small,SKU0467,47,67.22,105.64
dummy-product-468,Dummy Product 468,<p>This is a description for Dummy Product 468.</p>,Vendor 5,Type 3,"tag468,sample",TRUE,Size,Large,SKU0468,86,22.98,115.13
dummy-product-469,Dummy Product 469,<p>This is a description for Dummy Product 469.</p>,Vendor 5,Type 3,"tag469,sample",TRUE,Size,Small,SKU0469,87,57.48,102.85
dummy-product-470,Dummy Product 470,<p>This is a description for Dummy Product 470.</p>,Vendor 5,Type 3,"tag470,sample",TRUE,Size,Large,SKU0470,66,70.07,103.85
dummy-product-471,Dummy Product 471,<p>This is a description for Dummy Product 471.</p>,Vendor 5,Type 3,"tag471,sample",TRUE,Size,Small,SKU0471,62,3.35,109.34
dummy-product-472,Dummy Product 472,<p>This is a description for Dummy Product 472.</p>,Vendor 5,Type 3,"tag472,sample",TRUE,Size,Large,SKU0472,6,81.72,101.14
dummy-product-473,Dummy Product 473,<p>This is a description for Dummy Product 473.</p>,Vendor 5,Type 3,"tag473,sample",TRUE,Size,Small,SKU0473,71,32.30,102.29
dummy-product-474,Dummy Product 474,<p>This is a description for Dummy Product 474.</p>,Vendor 5,Type 3,"tag474,sample",TRUE,Size,Large,SKU0474,42,11.11,104.00
dummy-product-475,Dummy Product 475,<p>This is a description for Dummy Product 475.</p>,Vendor 5,Type 3,"tag475,sample",TRUE,Size,Small,SKU0475,58,27.20,118.73
dummy-product-476,Dummy Product 476,<p>This is a description for Dummy Product 476.</p>,Vendor 5,Type 3,"tag476,sample",TRUE,Size,Large,SKU0476,99,94.21,104.06
dummy-product-477,Dummy Product 477,<p>This is a description for Dummy Product 477.</p>,Vendor 5,Type 3,"tag477,sample",TRUE,Size,Small,SKU0477,41,7.83,118.92
dummy-product-478,Dummy Product 478,<p>This is a description for Dummy Product 478.</p>,Vendor 5,Type 3,"tag478,sample",TRUE,Size,Large,SKU0478,29,59.38,105.31
dummy-product-479,Dummy Product 479,<p>This is a description for Dummy Product 479.</p>,Vendor 5,Type 3,"tag479,sample",TRUE,Size,Small,SKU0479,49,50.35,102.58
dummy-product-480,Dummy Product 480,<p>This is a description for Dummy Product 480.</p>,Vendor 5,Type 3,"tag480,sample",TRUE,Size,Large,SKU0480,53,33.55,111.94
dummy-product-481,Dummy Product 481,<p>This is a description for Dummy Product 481.</p>,Vendor 5,Type 3,"tag481,sample",TRUE,Size,Small,SKU0481,45,33.78,109.07
dummy-product-482,Dummy Product 482,<p>This is a description for Dummy Product 482.</p>,Vendor 5,Type 3,"tag482,sample",TRUE,Size,Large,SKU0482,85,13.87,119.40
dummy-product-483,Dummy Product 483,<p>This is a description for Dummy Product 483.</p>,Vendor 5,Type 3,"tag483,sample",TRUE,Size,Small,SKU0483,76,82.80,113.03
dummy-product-484,Dummy Product 484,<p>This is a description for Dummy Product 484.</p>,Vendor 5,Type 3,"tag484,sample",TRUE,Size,Large,SKU0484,72,41.64,110.02
dummy-product-485,Dummy Product 485,<p>This is a description for Dummy Product 485.</p>,Vendor 5,Type 3,"tag485,sample",TRUE,Size,Small,SKU0485,23,78.32,112.26
dummy-product-486,Dummy Product 486,<p>This is a description for Dummy Product 486.</p>,Vendor 5,Type 3,"tag486,sample",TRUE,Size,Large,SKU0486,81,6.79,104.45
dummy-product-487,Dummy Product 487,<p>This is a description for Dummy Product 487.</p>,Vendor 5,Type 3,"tag487,sample",TRUE,Size,Small,SKU0487,65,2.95,100.36
dummy-product-488,Dummy Product 488,<p>This is a description for Dummy Product 488.</p>,Vendor 5,Type 3,"tag488,sample",TRUE,Size,Large,SKU0488,33,98.03,115.87
dummy-product-489,Dummy Product 489,<p>This is a description for Dummy Product 489.</p>,Vendor 5,Type 3,"tag489,sample",TRUE,Size,Small,SKU0489,37,83.50,101.17
dummy-product-490,Dummy Product 490,<p>This is a description for Dummy Product 490.</p>,Vendor 5,Type 3,"tag490,sample",TRUE,Size,Large,SKU0490,99,30.67,107.25
dummy-product-491,Dummy Product 491,<p>This is a description for Dummy Product 491.</p>,Vendor 5,Type 3,"tag491,sample",TRUE,Size,Small,SKU0491,58,92.70,117.34
dummy-product-492,Dummy Product 492,<p>This is a description for Dummy Product 492.</p>,Vendor 5,Type 3,"tag492,sample",TRUE,Size,Large,SKU0492,44,79.47,106.12
dummy-product-493,Dummy Product 493,<p>This is a description for Dummy Product 493.</p>,Vendor 5,Type 3,"tag493,sample",TRUE,Size,Small,SKU0493,54,14.81,118.58
dummy-product-494,Dummy Product 494,<p>This is a description for Dummy Product 494.</p>,Vendor 5,Type 3,"tag494,sample",TRUE,Size,Large,SKU0494,39,38.23,101.98
dummy-product-495,Dummy Product 495,<p>This is a description for Dummy Product 495.</p>,Vendor 5,Type 3,"tag495,sample",TRUE,Size,Small,SKU0495,96,97.11,108.94
dummy-product-496,Dummy Product 496,<p>This is a description for Dummy Product 496.</p>,Vendor 5,Type 3,"tag496,sample",TRUE,Size,Large,SKU0496,58,22.53,101.45
dummy-product-497,Dummy Product 497,<p>This is a description for Dummy Product 497.</p>,Vendor 5,Type 3,"tag497,sample",TRUE,Size,Small,SKU0497,57,19.74,117.23
dummy-product-498,Dummy Product 498,<p>This is a description for Dummy Product 498.</p>,Vendor 5,Type 3,"tag498,sample",TRUE,Size,Large,SKU0498,4,43.04,101.89
dummy-product-499,Dummy Product 499,<p>This is a description for Dummy Product 499.</p>,Vendor 5,Type 3,"tag499,sample",TRUE,Size,Small,SKU0499,12,39.19,106.41
dummy-product-500,Dummy Product 500,<p>This is a description for Dummy Product 500.</p>,Vendor 5,Type 3,"tag500,sample",TRUE,Size,Large,SKU0500,77,52.55,103.05
dummy-product-501,Dummy Product 501,<p>This is a description for Dummy Product 501.</p>,Vendor 6,Type 3,"tag501,sample",TRUE,Size,Small,SKU0501,40,48.19,107.10
dummy-product-502,Dummy Product 502,<p>This is a description for Dummy Product 502.</p>,Vendor 6,Type 3,"tag502,sample",TRUE,Size,Large,SKU0502,81,88.18,113.00
dummy-product-503,Dummy Product 503,<p>This is a description for Dummy Product 503.</p>,Vendor 6,Type 3,"tag503,sample",TRUE,Size,Small,SKU0503,94,97.46,106.55
dummy-product-504,Dummy Product 504,<p>This is a description for Dummy Product 504.</p>,Vendor 6,Type 3,"tag504,sample",TRUE,Size,Large,SKU0504,58,35.22,104.31
dummy-product-505,Dummy Product 505,<p>This is a description for Dummy Product 505.</p>,Vendor 6,Type 3,"tag505,sample",TRUE,Size,Small,SKU0505,43,3.54,101.10
dummy-product-506,Dummy Product 506,<p>This is a description for Dummy Product 506.</p>,Vendor 6,Type 3,"tag506,sample",TRUE,Size,Large,SKU0506,70,60.32,110.36
dummy-product-507,Dummy Product 507,<p>This is a description for Dummy Product 507.</p>,Vendor 6,Type 3,"tag507,sample",TRUE,Size,Small,SKU0507,29,43.80,116.84
dummy-product-508,Dummy Product 508,<p>This is a description for Dummy Product 508.</p>,Vendor 6,Type 3,"tag508,sample",TRUE,Size,Large,SKU0508,53,57.69,107.57
dummy-product-509,Dummy Product 509,<p>This is a description for Dummy Product 509.</p>,Vendor 6,Type 3,"tag509,sample",TRUE,Size,Small,SKU0509,66,60.95,101.85
dummy-product-510,Dummy Product 510,<p>This is a description for Dummy Product 510.</p>,Vendor 6,Type 3,"tag510,sample",TRUE,Size,Large,SKU0510,9,87.47,103.16
dummy-product-511,Dummy Product 511,<p>This is a description for Dummy Product 511.</p>,Vendor 6,Type 3,"tag511,sample",TRUE,Size,Small,SKU0511,78,95.12,118.36
dummy-product-512,Dummy Product 512,<p>This is a description for Dummy Product 512.</p>,Vendor 6,Type 3,"tag512,sample",TRUE,Size,Large,SKU0512,54,9.22,112.10
dummy-product-513,Dummy Product 513,<p>This is a description for Dummy Product 513.</p>,Vendor 6,Type 3,"tag513,sample",TRUE,Size,Small,SKU0513,52,3.52,102.99
dummy-product-514,Dummy Product 514,<p>This is a description for Dummy Product 514.</p>,Vendor 6,Type 3,"tag514,sample",TRUE,Size,Large,SKU0514,95,66.90,114.17
dummy-product-515,Dummy Product 515,<p>This is a description for Dummy Product 515.</p>,Vendor 6,Type 3,"tag515,sample",TRUE,Size,Small,SKU0515,66,99.70,110.83
dummy-product-516,Dummy Product 516,<p>This is a description for Dummy Product 516.</p>,Vendor 6,Type 3,"tag516,sample",TRUE,Size,Large,SKU0516,65,64.02,115.69
dummy-product-517,Dummy Product 517,<p>This is a description for Dummy Product 517.</p>,Vendor 6,Type 3,"tag517,sample",TRUE,Size,Small,SKU0517,72,50.26,118.90
dummy-product-518,Dummy Product 518,<p>This is a description for Dummy Product 518.</p>,Vendor 6,Type 3,"tag518,sample",TRUE,Size,Large,SKU0518,60,65.38,116.05
dummy-product-519,Dummy Product 519,<p>This is a description for Dummy Product 519.</p>,Vendor 6,Type 3,"tag519,sample",TRUE,Size,Small,SKU0519,8,99.46,113.03
dummy-product-520,Dummy Product 520,<p>This is a description for Dummy Product 520.</p>,Vendor 6,Type 3,"tag520,sample",TRUE,Size,Large,SKU0520,47,28.86,109.31
dummy-product-521,Dummy Product 521,<p>This is a description for Dummy Product 521.</p>,Vendor 6,Type 3,"tag521,sample",TRUE,Size,Small,SKU0521,32,49.32,115.00
dummy-product-522,Dummy Product 522,<p>This is a description for Dummy Product 522.</p>,Vendor 6,Type 3,"tag522,sample",TRUE,Size,Large,SKU0522,87,52.52,114.42
dummy-product-523,Dummy Product 523,<p>This is a description for Dummy Product 523.</p>,Vendor 6,Type 3,"tag523,sample",TRUE,Size,Small,SKU0523,25,34.18,103.67
dummy-product-524,Dummy Product 524,<p>This is a description for Dummy Product 524.</p>,Vendor 6,Type 3,"tag524,sample",TRUE,Size,Large,SKU0524,90,95.61,102.39
dummy-product-525,Dummy Product 525,<p>This is a description for Dummy Product 525.</p>,Vendor 6,Type 3,"tag525,sample",TRUE,Size,Small,SKU0525,45,49.14,105.47
dummy-product-526,Dummy Product 526,<p>This is a description for Dummy Product 526.</p>,Vendor 6,Type 3,"tag526,sample",TRUE,Size,Large,SKU0526,84,28.22,119.89
dummy-product-527,Dummy Product 527,<p>This is a description for Dummy Product 527.</p>,Vendor 6,Type 3,"tag527,sample",TRUE,Size,Small,SKU0527,10,63.33,118.30
dummy-product-528,Dummy Product 528,<p>This is a description for Dummy Product 528.</p>,Vendor 6,Type 3,"tag528,sample",TRUE,Size,Large,SKU0528,91,36.06,114.24
dummy-product-529,Dummy Product 529,<p>This is a description for Dummy Product 529.</p>,Vendor 6,Type 3,"tag529,sample",TRUE,Size,Small,SKU0529,21,36.42,116.35
dummy-product-530,Dummy Product 530,<p>This is a description for Dummy Product 530.</p>,Vendor 6,Type 3,"tag530,sample",TRUE,Size,Large,SKU0530,87,13.20,118.35
dummy-product-531,Dummy Product 531,<p>This is a description for Dummy Product 531.</p>,Vendor 6,Type 3,"tag531,sample",TRUE,Size,Small,SKU0531,34,90.59,114.19
dummy-product-532,Dummy Product 532,<p>This is a description for Dummy Product 532.</p>,Vendor 6,Type 3,"tag532,sample",TRUE,Size,Large,SKU0532,2,42.20,116.67
dummy-product-533,Dummy Product 533,<p>This is a description for Dummy Product 533.</p>,Vendor 6,Type 3,"tag533,sample",TRUE,Size,Small,SKU0533,94,9.03,109.69
dummy-product-534,Dummy Product 534,<p>This is a description for Dummy Product 534.</p>,Vendor 6,Type 3,"tag534,sample",TRUE,Size,Large,SKU0534,71,94.13,119.93
dummy-product-535,Dummy Product 535,<p>This is a description for Dummy Product 535.</p>,Vendor 6,Type 3,"tag535,sample",TRUE,Size,Small,SKU0535,27,11.45,106.71
dummy-product-536,Dummy Product 536,<p>This is a description for Dummy Product 536.</p>,Vendor 6,Type 3,"tag536,sample",TRUE,Size,Large,SKU0536,68,74.27,111.82
dummy-product-537,Dummy Product 537,<p>This is a description for Dummy Product 537.</p>,Vendor 6,Type 3,"tag537,sample",TRUE,Size,Small,SKU0537,56,26.95,108.83
dummy-product-538,Dummy Product 538,<p>This is a description for Dummy Product 538.</p>,Vendor 6,Type 3,"tag538,sample",TRUE,Size,Large,SKU0538,57,9.46,119.82
dummy-product-539,Dummy Product 539,<p>This is a description for Dummy Product 539.</p>,Vendor 6,Type 3,"tag539,sample",TRUE,Size,Small,SKU0539,52,67.10,104.15
dummy-product-540,Dummy Product 540,<p>This is a description for Dummy Product 540.</p>,Vendor 6,Type 3,"tag540,sample",TRUE,Size,Large,SKU0540,75,93.80,106.33
dummy-product-541,Dummy Product 541,<p>This is a description for Dummy Product 541.</p>,Vendor 6,Type 3,"tag541,sample",TRUE,Size,Small,SKU0541,27,66.48,115.40
dummy-product-542,Dummy Product 542,<p>This is a description for Dummy Product 542.</p>,Vendor 6,Type 3,"tag542,sample",TRUE,Size,Large,SKU0542,82,30.28,103.50
dummy-product-543,Dummy Product 543,<p>This is a description for Dummy Product 543.</p>,Vendor 6,Type 3,"tag543,sample",TRUE,Size,Small,SKU0543,89,0.42,119.43
dummy-product-544,Dummy Product 544,<p>This is a description for Dummy Product 544.</p>,Vendor 6,Type 3,"tag544,sample",TRUE,Size,Large,SKU0544,79,91.92,111.21
dummy-product-545,Dummy Product 545,<p>This is a description for Dummy Product 545.</p>,Vendor 6,Type 3,"tag545,sample",TRUE,Size,Small,SKU0545,26,35.63,106.97
dummy-product-546,Dummy Product 546,<p>This is a description for Dummy Product 546.</p>,Vendor 6,Type 3,"tag546,sample",TRUE,Size,Large,SKU0546,83,27.83,118.61
dummy-product-547,Dummy Product 547,<p>This is a description for Dummy Product 547.</p>,Vendor 6,Type 3,"tag547,sample",TRUE,Size,Small,SKU0547,21,49.35,104.98
dummy-product-548,Dummy Product 548,<p>This is a description for Dummy Product 548.</p>,Vendor 6,Type 3,"tag548,sample",TRUE,Size,Large,SKU0548,49,1.72,119.73
dummy-product-549,Dummy Product 549,<p>This is a description for Dummy Product 549.</p>,Vendor 6,Type 3,"tag549,sample",TRUE,Size,Small,SKU0549,54,80.00,118.24
dummy-product-550,Dummy Product 550,<p>This is a description for Dummy Product 550.</p>,Vendor 6,Type 3,"tag550,sample",TRUE,Size,Large,SKU0550,92,20.78,103.13
dummy-product-551,Dummy Product 551,<p>This is a description for Dummy Product 551.</p>,Vendor 6,Type 3,"tag551,sample",TRUE,Size,Small,SKU0551,56,2.76,105.10
dummy-product-552,Dummy Product 552,<p>This is a description for Dummy Product 552.</p>,Vendor 6,Type 3,"tag552,sample",TRUE,Size,Large,SKU0552,42,67.40,108.37
dummy-product-553,Dummy Product 553,<p>This is a description for Dummy Product 553.</p>,Vendor 6,Type 3,"tag553,sample",TRUE,Size,Small,SKU0553,55,13.33,110.98
dummy-product-554,Dummy Product 554,<p>This is a description for Dummy Product 554.</p>,Vendor 6,Type 3,"tag554,sample",TRUE,Size,Large,SKU0554,14,77.51,106.86
dummy-product-555,Dummy Product 555,<p>This is a description for Dummy Product 555.</p>,Vendor 6,Type 3,"tag555,sample",TRUE,Size,Small,SKU0555,36,27.21,100.11
dummy-product-556,Dummy Product 556,<p>This is a description for Dummy Product 556.</p>,Vendor 6,Type 3,"tag556,sample",TRUE,Size,Large,SKU0556,25,98.46,102.67
dummy-product-557,Dummy Product 557,<p>This is a description for Dummy Product 557.</p>,Vendor 6,Type 3,"tag557,sample",TRUE,Size,Small,SKU0557,16,89.98,113.36
dummy-product-558,Dummy Product 558,<p>This is a description for Dummy Product 558.</p>,Vendor 6,Type 3,"tag558,sample",TRUE,Size,Large,SKU0558,44,68.62,119.26
dummy-product-559,Dummy Product 559,<p>This is a description for Dummy Product 559.</p>,Vendor 6,Type 3,"tag559,sample",TRUE,Size,Small,SKU0559,93,14.72,107.76
dummy-product-560,Dummy Product 560,<p>This is a description for Dummy Product 560.</p>,Vendor 6,Type 3,"tag560,sample",TRUE,Size,Large,SKU0560,92,67.73,100.07
dummy-product-561,Dummy Product 561,<p>This is a description for Dummy Product 561.</p>,Vendor 6,Type 3,"tag561,sample",TRUE,Size,Small,SKU0561,28,91.40,114.24
dummy-product-562,Dummy Product 562,<p>This is a description for Dummy Product 562.</p>,Vendor 6,Type 3,"tag562,sample",TRUE,Size,Large,SKU0562,89,73.26,117.71
dummy-product-563,Dummy Product 563,<p>This is a description for Dummy Product 563.</p>,Vendor 6,Type 3,"tag563,sample",TRUE,Size,Small,SKU0563,86,56.23,113.71
dummy-product-564,Dummy Product 564,<p>This is a description for Dummy Product 564.</p>,Vendor 6,Type 3,"tag564,sample",TRUE,Size,Large,SKU0564,97,77.66,102.12
dummy-product-565,Dummy Product 565,<p>This is a description for Dummy Product 565.</p>,Vendor 6,Type 3,"tag565,sample",TRUE,Size,Small,SKU0565,38,74.61,117.34
dummy-product-566,Dummy Product 566,<p>This is a description for Dummy Product 566.</p>,Vendor 6,Type 3,"tag566,sample",TRUE,Size,Large,SKU0566,65,24.65,105.10
dummy-product-567,Dummy Product 567,<p>This is a description for Dummy Product 567.</p>,Vendor 6,Type 3,"tag567,sample",TRUE,Size,Small,SKU0567,41,27.93,117.37
dummy-product-568,Dummy Product 568,<p>This is a description for Dummy Product 568.</p>,Vendor 6,Type 3,"tag568,sample",TRUE,Size,Large,SKU0568,87,88.67,113.20
dummy-product-569,Dummy Product 569,<p>This is a description for Dummy Product 569.</p>,Vendor 6,Type 3,"tag569,sample",TRUE,Size,Small,SKU0569,10,99.45,104.70
dummy-product-570,Dummy Product 570,<p>This is a description for Dummy Product 570.</p>,Vendor 6,Type 3,"tag570,sample",TRUE,Size,Large,SKU0570,93,51.92,104.17
dummy-product-571,Dummy Product 571,<p>This is a description for Dummy Product 571.</p>,Vendor 6,Type 3,"tag571,sample",TRUE,Size,Small,SKU0571,12,64.37,109.11
dummy-product-572,Dummy Product 572,<p>This is a description for Dummy Product 572.</p>,Vendor 6,Type 3,"tag572,sample",TRUE,Size,Large,SKU0572,98,16.53,101.97
dummy-product-573,Dummy Product 573,<p>This is a description for Dummy Product 573.</p>,Vendor 6,Type 3,"tag573,sample",TRUE,Size,Small,SKU0573,25,52.39,106.89
dummy-product-574,Dummy Product 574,<p>This is a description for Dummy Product 574.</p>,Vendor 6,Type 3,"tag574,sample",TRUE,Size,Large,SKU0574,93,55.44,117.23
dummy-product-575,Dummy Product 575,<p>This is a description for Dummy Product 575.</p>,Vendor 6,Type 3,"tag575,sample",TRUE,Size,Small,SKU0575,11,60.51,104.32
dummy-product-576,Dummy Product 576,<p>This is a description for Dummy Product 576.</p>,Vendor 6,Type 3,"tag576,sample",TRUE,Size,Large,SKU0576,86,5.11,115.91
dummy-product-577,Dummy Product 577,<p>This is a description for Dummy Product 577.</p>,Vendor 6,Type 3,"tag577,sample",TRUE,Size,Small,SKU0577,80,68.04,103.58
dummy-product-578,Dummy Product 578,<p>This is a description for Dummy Product 578.</p>,Vendor 6,Type 3,"tag578,sample",TRUE,Size,Large,SKU0578,48,30.45,115.37
dummy-product-579,Dummy Product 579,<p>This is a description for Dummy Product 579.</p>,Vendor 6,Type 3,"tag579,sample",TRUE,Size,Small,SKU0579,39,22.34,112.63
dummy-product-580,Dummy Product 580,<p>This is a description for Dummy Product 580.</p>,Vendor 6,Type 3,"tag580,sample",TRUE,Size,Large,SKU0580,21,80.22,113.33
dummy-product-581,Dummy Product 581,<p>This is a description for Dummy Product 581.</p>,Vendor 6,Type 3,"tag581,sample",TRUE,Size,Small,SKU0581,82,26.57,109.48
dummy-product-582,Dummy Product 582,<p>This is a description for Dummy Product 582.</p>,Vendor 6,Type 3,"tag582,sample",TRUE,Size,Large,SKU0582,27,4.66,100.29
dummy-product-583,Dummy Product 583,<p>This is a description for Dummy Product 583.</p>,Vendor 6,Type 3,"tag583,sample",TRUE,Size,Small,SKU0583,21,18.47,112.58
dummy-product-584,Dummy Product 584,<p>This is a description for Dummy Product 584.</p>,Vendor 6,Type 3,"tag584,sample",TRUE,Size,Large,SKU0584,4,22.06,104.65
dummy-product-585,Dummy Product 585,<p>This is a description for Dummy Product 585.</p>,Vendor 6,Type 3,"tag585,sample",TRUE,Size,Small,SKU0585,27,57.04,105.82
dummy-product-586,Dummy Product 586,<p>This is a description for Dummy Product 586.</p>,Vendor 6,Type 3,"tag586,sample",TRUE,Size,Large,SKU0586,18,52.34,106.98
dummy-product-587,Dummy Product 587,<p>This is a description for Dummy Product 587.</p>,Vendor 6,Type 3,"tag587,sample",TRUE,Size,Small,SKU0587,45,72.05,105.97
dummy-product-588,Dummy Product 588,<p>This is a description for Dummy Product 588.</p>,Vendor 6,Type 3,"tag588,sample",TRUE,Size,Large,SKU0588,3,50.60,104.08
dummy-product-589,Dummy Product 589,<p>This is a description for Dummy Product 589.</p>,Vendor 6,Type 3,"tag589,sample",TRUE,Size,Small,SKU0589,79,92.01,112.74
dummy-product-590,Dummy Product 590,<p>This is a description for Dummy Product 590.</p>,Vendor 6,Type 3,"tag590,sample",TRUE,Size,Large,SKU0590,90,50.94,116.94
dummy-product-591,Dummy Product 591,<p>This is a description for Dummy Product 591.</p>,Vendor 6,Type 3,"tag591,sample",TRUE,Size,Small,SKU0591,98,60.99,102.99
dummy-product-592,Dummy Product 592,<p>This is a description for Dummy Product 592.</p>,Vendor 6,Type 3,"tag592,sample",TRUE,Size,Large,SKU0592,93,22.51,107.16
dummy-product-593,Dummy Product 593,<p>This is a description for Dummy Product 593.</p>,Vendor 6,Type 3,"tag593,sample",TRUE,Size,Small,SKU0593,5,77.06,109.27
dummy-product-594,Dummy Product 594,<p>This is a description for Dummy Product 594.</p>,Vendor 6,Type 3,"tag594,sample",TRUE,Size,Large,SKU0594,79,5.88,111.25
dummy-product-595,Dummy Product 595,<p>This is a description for Dummy Product 595.</p>,Vendor 6,Type 3,"tag595,sample",TRUE,Size,Small,SKU0595,0,1.95,117.98
dummy-product-596,Dummy Product 596,<p>This is a description for Dummy Product 596.</p>,Vendor 6,Type 3,"tag596,sample",TRUE,Size,Large,SKU0596,79,56.65,107.62
dummy-product-597,Dummy Product 597,<p>This is a description for Dummy Product 597.</p>,Vendor 6,Type 3,"tag597,sample",TRUE,Size,Small,SKU0597,77,19.11,107.56
dummy-product-598,Dummy Product 598,<p>This is a description for Dummy Product 598.</p>,Vendor 6,Type 3,"tag598,sample",TRUE,Size,Large,SKU0598,80,81.31,106.15
dummy-product-599,Dummy Product 599,<p>This is a description for Dummy Product 599.</p>,Vendor 6,Type 3,"tag599,sample",TRUE,Size,Small,SKU0599,71,13.20,106.34
dummy-product-600,Dummy Product 600,<p>This is a description for Dummy Product 600.</p>,Vendor 6,Type 3,"tag600,sample",TRUE,Size,Large,SKU0600,42,78.47,110.82
dummy-product-601,Dummy Product 601,<p>This is a description for Dummy Product 601.</p>,Vendor 7,Type 4,"tag601,sample",TRUE,Size,Small,SKU0601,62,33.50,105.17
dummy-product-602,Dummy Product 602,<p>This is a description for Dummy Product 602.</p>,Vendor 7,Type 4,"tag602,sample",TRUE,Size,Large,SKU0602,1,20.62,115.38
dummy-product-603,Dummy Product 603,<p>This is a description for Dummy Product 603.</p>,Vendor 7,Type 4,"tag603,sample",TRUE,Size,Small,SKU0603,45,63.66,105.07
dummy-product-604,Dummy Product 604,<p>This is a description for Dummy Product 604.</p>,Vendor 7,Type 4,"tag604,sample",TRUE,Size,Large,SKU0604,56,98.81,113.29
dummy-product-605,Dummy Product 605,<p>This is a description for Dummy Product 605.</p>,Vendor 7,Type 4,"tag605,sample",TRUE,Size,Small,SKU0605,90,13.81,112.72
dummy-product-606,Dummy Product 606,<p>This is a description for Dummy Product 606.</p>,Vendor 7,Type 4,"tag606,sample",TRUE,Size,Large,SKU0606,72,26.95,113.39
dummy-product-607,Dummy Product 607,<p>This is a description for Dummy Product 607.</p>,Vendor 7,Type 4,"tag607,sample",TRUE,Size,Small,SKU0607,68,30.66,107.38
dummy-product-608,Dummy Product 608,<p>This is a description for Dummy Product 608.</p>,Vendor 7,Type 4,"tag608,sample",TRUE,Size,Large,SKU0608,3,20.38,114.92
dummy-product-609,Dummy Product 609,<p>This is a description for Dummy Product 609.</p>,Vendor 7,Type 4,"tag609,sample",TRUE,Size,Small,SKU0609,34,8.12,101.53
dummy-product-610,Dummy Product 610,<p>This is a description for Dummy Product 610.</p>,Vendor 7,Type 4,"tag610,sample",TRUE,Size,Large,SKU0610,54,94.86,113.17
dummy-product-611,Dummy Product 611,<p>This is a description for Dummy Product 611.</p>,Vendor 7,Type 4,"tag611,sample",TRUE,Size,Small,SKU0611,79,51.87,116.85
dummy-product-612,Dummy Product 612,<p>This is a description for Dummy Product 612.</p>,Vendor 7,Type 4,"tag612,sample",TRUE,Size,Large,SKU0612,8,8.39,113.45
dummy-product-613,Dummy Product 613,<p>This is a description for Dummy Product 613.</p>,Vendor 7,Type 4,"tag613,sample",TRUE,Size,Small,SKU0613,99,76.15,103.19
dummy-product-614,Dummy Product 614,<p>This is a description for Dummy Product 614.</p>,Vendor 7,Type 4,"tag614,sample",TRUE,Size,Large,SKU0614,39,5.16,100.28
dummy-product-615,Dummy Product 615,<p>This is a description for Dummy Product 615.</p>,Vendor 7,Type 4,"tag615,sample",TRUE,Size,Small,SKU0615,99,68.21,105.71
dummy-product-616,Dummy Product 616,<p>This is a description for Dummy Product 616.</p>,Vendor 7,Type 4,"tag616,sample",TRUE,Size,Large,SKU0616,49,70.58,102.03
dummy-product-617,Dummy Product 617,<p>This is a description for Dummy Product 617.</p>,Vendor 7,Type 4,"tag617,sample",TRUE,Size,Small,SKU0617,42,44.52,103.98
dummy-product-618,Dummy Product 618,<p>This is a description for Dummy Product 618.</p>,Vendor 7,Type 4,"tag618,sample",TRUE,Size,Large,SKU0618,80,9.26,116.11
dummy-product-619,Dummy Product 619,<p>This is a description for Dummy Product 619.</p>,Vendor 7,Type 4,"tag619,sample",TRUE,Size,Small,SKU0619,39,95.53,117.84
dummy-product-620,Dummy Product 620,<p>This is a description for Dummy Product 620.</p>,Vendor 7,Type 4,"tag620,sample",TRUE,Size,Large,SKU0620,79,58.47,105.53
dummy-product-621,Dummy Product 621,<p>This is a description for Dummy Product 621.</p>,Vendor 7,Type 4,"tag621,sample",TRUE,Size,Small,SKU0621,90,82.28,107.82
dummy-product-622,Dummy Product 622,<p>This is a description for Dummy Product 622.</p>,Vendor 7,Type 4,"tag622,sample",TRUE,Size,Large,SKU0622,66,34.95,105.46
dummy-product-623,Dummy Product 623,<p>This is a description for Dummy Product 623.</p>,Vendor 7,Type 4,"tag623,sample",TRUE,Size,Small,SKU0623,1,11.25,117.55
dummy-product-624,Dummy Product 624,<p>This is a description for Dummy Product 624.</p>,Vendor 7,Type 4,"tag624,sample",TRUE,Size,Large,SKU0624,69,35.65,109.33
dummy-product-625,Dummy Product 625,<p>This is a description for Dummy Product 625.</p>,Vendor 7,Type 4,"tag625,sample",TRUE,Size,Small,SKU0625,76,28.30,115.19
dummy-product-626,Dummy Product 626,<p>This is a description for Dummy Product 626.</p>,Vendor 7,Type 4,"tag626,sample",TRUE,Size,Large,SKU0626,47,37.43,109.10
dummy-product-627,Dummy Product 627,<p>This is a description for Dummy Product 627.</p>,Vendor 7,Type 4,"tag627,sample",TRUE,Size,Small,SKU0627,6,45.01,119.15
dummy-product-628,Dummy Product 628,<p>This is a description for Dummy Product 628.</p>,Vendor 7,Type 4,"tag628,sample",TRUE,Size,Large,SKU0628,9,57.09,103.19
dummy-product-629,Dummy Product 629,<p>This is a description for Dummy Product 629.</p>,Vendor 7,Type 4,"tag629,sample",TRUE,Size,Small,SKU0629,43,91.64,108.38
dummy-product-630,Dummy Product 630,<p>This is a description for Dummy Product 630.</p>,Vendor 7,Type 4,"tag630,sample",TRUE,Size,Large,SKU0630,77,2.19,102.42
dummy-product-631,Dummy Product 631,<p>This is a description for Dummy Product 631.</p>,Vendor 7,Type 4,"tag631,sample",TRUE,Size,Small,SKU0631,16,75.70,109.96
dummy-product-632,Dummy Product 632,<p>This is a description for Dummy Product 632.</p>,Vendor 7,Type 4,"tag632,sample",TRUE,Size,Large,SKU0632,43,5.11,111.39
dummy-product-633,Dummy Product 633,<p>This is a description for Dummy Product 633.</p>,Vendor 7,Type 4,"tag633,sample",TRUE,Size,Small,SKU0633,50,75.51,104.63
dummy-product-634,Dummy Product 634,<p>This is a description for Dummy Product 634.</p>,Vendor 7,Type 4,"tag634,sample",TRUE,Size,Large,SKU0634,3,7.30,118.61
dummy-product-635,Dummy Product 635,<p>This is a description for Dummy Product 635.</p>,Vendor 7,Type 4,"tag635,sample",TRUE,Size,Small,SKU0635,72,0.28,108.22
dummy-product-636,Dummy Product 636,<p>This is a description for Dummy Product 636.</p>,Vendor 7,Type 4,"tag636,sample",TRUE,Size,Large,SKU0636,85,86.55,100.97
dummy-product-637,Dummy Product 637,<p>This is a description for Dummy Product 637.</p>,Vendor 7,Type 4,"tag637,sample",TRUE,Size,Small,SKU0637,74,69.13,104.79
dummy-product-638,Dummy Product 638,<p>This is a description for Dummy Product 638.</p>,Vendor 7,Type 4,"tag638,sample",TRUE,Size,Large,SKU0638,4,96.72,117.31
dummy-product-639,Dummy Product 639,<p>This is a description for Dummy Product 639.</p>,Vendor 7,Type 4,"tag639,sample",TRUE,Size,Small,SKU0639,26,37.98,100.42
dummy-product-640,Dummy Product 640,<p>This is a description for Dummy Product 640.</p>,Vendor 7,Type 4,"tag640,sample",TRUE,Size,Large,SKU0640,25,92.32,102.87
dummy-product-641,Dummy Product 641,<p>This is a description for Dummy Product 641.</p>,Vendor 7,Type 4,"tag641,sample",TRUE,Size,Small,SKU0641,20,86.11,119.54
dummy-product-642,Dummy Product 642,<p>This is a description for Dummy Product 642.</p>,Vendor 7,Type 4,"tag642,sample",TRUE,Size,Large,SKU0642,1,78.57,112.39
dummy-product-643,Dummy Product 643,<p>This is a description for Dummy Product 643.</p>,Vendor 7,Type 4,"tag643,sample",TRUE,Size,Small,SKU0643,87,34.47,108.87
dummy-product-644,Dummy Product 644,<p>This is a description for Dummy Product 644.</p>,Vendor 7,Type 4,"tag644,sample",TRUE,Size,Large,SKU0644,93,89.19,103.38
dummy-product-645,Dummy Product 645,<p>This is a description for Dummy Product 645.</p>,Vendor 7,Type 4,"tag645,sample",TRUE,Size,Small,SKU0645,96,78.63,101.30
dummy-product-646,Dummy Product 646,<p>This is a description for Dummy Product 646.</p>,Vendor 7,Type 4,"tag646,sample",TRUE,Size,Large,SKU0646,49,33.24,117.70
dummy-product-647,Dummy Product 647,<p>This is a description for Dummy Product 647.</p>,Vendor 7,Type 4,"tag647,sample",TRUE,Size,Small,SKU0647,17,46.22,101.30
dummy-product-648,Dummy Product 648,<p>This is a description for Dummy Product 648.</p>,Vendor 7,Type 4,"tag648,sample",TRUE,Size,Large,SKU0648,97,69.78,105.22
dummy-product-649,Dummy Product 649,<p>This is a description for Dummy Product 649.</p>,Vendor 7,Type 4,"tag649,sample",TRUE,Size,Small,SKU0649,19,50.44,102.10
dummy-product-650,Dummy Product 650,<p>This is a description for Dummy Product 650.</p>,Vendor 7,Type 4,"tag650,sample",TRUE,Size,Large,SKU0650,38,22.43,104.41
dummy-product-651,Dummy Product 651,<p>This is a description for Dummy Product 651.</p>,Vendor 7,Type 4,"tag651,sample",TRUE,Size,Small,SKU0651,45,50.67,118.53
dummy-product-652,Dummy Product 652,<p>This is a description for Dummy Product 652.</p>,Vendor 7,Type 4,"tag652,sample",TRUE,Size,Large,SKU0652,11,95.48,109.27
dummy-product-653,Dummy Product 653,<p>This is a description for Dummy Product 653.</p>,Vendor 7,Type 4,"tag653,sample",TRUE,Size,Small,SKU0653,59,60.95,101.58
dummy-product-654,Dummy Product 654,<p>This is a description for Dummy Product 654.</p>,Vendor 7,Type 4,"tag654,sample",TRUE,Size,Large,SKU0654,37,51.20,111.86
dummy-product-655,Dummy Product 655,<p>This is a description for Dummy Product 655.</p>,Vendor 7,Type 4,"tag655,sample",TRUE,Size,Small,SKU0655,68,22.58,112.74
dummy-product-656,Dummy Product 656,<p>This is a description for Dummy Product 656.</p>,Vendor 7,Type 4,"tag656,sample",TRUE,Size,Large,SKU0656,31,46.97,112.40
dummy-product-657,Dummy Product 657,<p>This is a description for Dummy Product 657.</p>,Vendor 7,Type 4,"tag657,sample",TRUE,Size,Small,SKU0657,88,98.58,117.10
dummy-product-658,Dummy Product 658,<p>This is a description for Dummy Product 658.</p>,Vendor 7,Type 4,"tag658,sample",TRUE,Size,Large,SKU0658,69,81.17,111.44
dummy-product-659,Dummy Product 659,<p>This is a description for Dummy Product 659.</p>,Vendor 7,Type 4,"tag659,sample",TRUE,Size,Small,SKU0659,91,33.18,117.65
dummy-product-660,Dummy Product 660,<p>This is a description for Dummy Product 660.</p>,Vendor 7,Type 4,"tag660,sample",TRUE,Size,Large,SKU0660,20,67.57,116.85
dummy-product-661,Dummy Product 661,<p>This is a description for Dummy Product 661.</p>,Vendor 7,Type 4,"tag661,sample",TRUE,Size,Small,SKU0661,45,23.52,113.53
dummy-product-662,Dummy Product 662,<p>This is a description for Dummy Product 662.</p>,Vendor 7,Type 4,"tag662,sample",TRUE,Size,Large,SKU0662,44,40.04,110.54
dummy-product-663,Dummy Product 663,<p>This is a description for Dummy Product 663.</p>,Vendor 7,Type 4,"tag663,sample",TRUE,Size,Small,SKU0663,26,85.97,108.31
dummy-product-664,Dummy Product 664,<p>This is a description for Dummy Product 664.</p>,Vendor 7,Type 4,"tag664,sample",TRUE,Size,Large,SKU0664,48,13.48,108.56
dummy-product-665,Dummy Product 665,<p>This is a description for Dummy Product 665.</p>,Vendor 7,Type 4,"tag665,sample",TRUE,Size,Small,SKU0665,43,48.15,113.68
dummy-product-666,Dummy Product 666,<p>This is a description for Dummy Product 666.</p>,Vendor 7,Type 4,"tag666,sample",TRUE,Size,Large,SKU0666,52,54.67,107.64
dummy-product-667,Dummy Product 667,<p>This is a description for Dummy Product 667.</p>,Vendor 7,Type 4,"tag667,sample",TRUE,Size,Small,SKU0667,39,0.56,101.51
dummy-product-668,Dummy Product 668,<p>This is a description for Dummy Product 668.</p>,Vendor 7,Type 4,"tag668,sample",TRUE,Size,Large,SKU0668,38,22.40,107.92
dummy-product-669,Dummy Product 669,<p>This is a description for Dummy Product 669.</p>,Vendor 7,Type 4,"tag669,sample",TRUE,Size,Small,SKU0669,63,26.59,115.79
dummy-product-670,Dummy Product 670,<p>This is a description for Dummy Product 670.</p>,Vendor 7,Type 4,"tag670,sample",TRUE,Size,Large,SKU0670,70,78.97,106.24
dummy-product-671,Dummy Product 671,<p>This is a description for Dummy Product 671.</p>,Vendor 7,Type 4,"tag671,sample",TRUE,Size,Small,SKU0671,6,8.27,102.39
dummy-product-672,Dummy Product 672,<p>This is a description for Dummy Product 672.</p>,Vendor 7,Type 4,"tag672,sample",TRUE,Size,Large,SKU0672,72,12.21,112.34
dummy-product-673,Dummy Product 673,<p>This is a description for Dummy Product 673.</p>,Vendor 7,Type 4,"tag673,sample",TRUE,Size,Small,SKU0673,72,97.53,110.25
dummy-product-674,Dummy Product 674,<p>This is a description for Dummy Product 674.</p>,Vendor 7,Type 4,"tag674,sample",TRUE,Size,Large,SKU0674,13,26.61,115.57
dummy-product-675,Dummy Product 675,<p>This is a description for Dummy Product 675.</p>,Vendor 7,Type 4,"tag675,sample",TRUE,Size,Small,SKU0675,81,24.51,116.22
dummy-product-676,Dummy Product 676,<p>This is a description for Dummy Product 676.</p>,Vendor 7,Type 4,"tag676,sample",TRUE,Size,Large,SKU0676,65,84.54,114.02
dummy-product-677,Dummy Product 677,<p>This is a description for Dummy Product 677.</p>,Vendor 7,Type 4,"tag677,sample",TRUE,Size,Small,SKU0677,39,60.51,101.85
dummy-product-678,Dummy Product 678,<p>This is a description for Dummy Product 678.</p>,Vendor 7,Type 4,"tag678,sample",TRUE,Size,Large,SKU0678,44,33.81,115.93
dummy-product-679,Dummy Product 679,<p>This is a description for Dummy Product 679.</p>,Vendor 7,Type 4,"tag679,sample",TRUE,Size,Small,SKU0679,15,53.97,111.68
dummy-product-680,Dummy Product 680,<p>This is a description for Dummy Product 680.</p>,Vendor 7,Type 4,"tag680,sample",TRUE,Size,Large,SKU0680,82,52.20,106.00
dummy-product-681,Dummy Product 681,<p>This is a description for Dummy Product 681.</p>,Vendor 7,Type 4,"tag681,sample",TRUE,Size,Small,SKU0681,48,20.09,119.13
dummy-product-682,Dummy Product 682,<p>This is a description for Dummy Product 682.</p>,Vendor 7,Type 4,"tag682,sample",TRUE,Size,Large,SKU0682,58,96.96,108.36
dummy-product-683,Dummy Product 683,<p>This is a description for Dummy Product 683.</p>,Vendor 7,Type 4,"tag683,sample",TRUE,Size,Small,SKU0683,92,97.26,108.47
dummy-product-684,Dummy Product 684,<p>This is a description for Dummy Product 684.</p>,Vendor 7,Type 4,"tag684,sample",TRUE,Size,Large,SKU0684,45,19.98,118.80
dummy-product-685,Dummy Product 685,<p>This is a description for Dummy Product 685.</p>,Vendor 7,Type 4,"tag685,sample",TRUE,Size,Small,SKU0685,84,7.99,112.92
dummy-product-686,Dummy Product 686,<p>This is a description for Dummy Product 686.</p>,Vendor 7,Type 4,"tag686,sample",TRUE,Size,Large,SKU0686,28,58.19,106.30
dummy-product-687,Dummy Product 687,<p>This is a description for Dummy Product 687.</p>,Vendor 7,Type 4,"tag687,sample",TRUE,Size,Small,SKU0687,69,13.63,117.61
dummy-product-688,Dummy Product 688,<p>This is a description for Dummy Product 688.</p>,Vendor 7,Type 4,"tag688,sample",TRUE,Size,Large,SKU0688,53,32.04,101.08
dummy-product-689,Dummy Product 689,<p>This is a description for Dummy Product 689.</p>,Vendor 7,Type 4,"tag689,sample",TRUE,Size,Small,SKU0689,57,76.87,102.11
dummy-product-690,Dummy Product 690,<p>This is a description for Dummy Product 690.</p>,Vendor 7,Type 4,"tag690,sample",TRUE,Size,Large,SKU0690,50,67.66,119.88
dummy-product-691,Dummy Product 691,<p>This is a description for Dummy Product 691.</p>,Vendor 7,Type 4,"tag691,sample",TRUE,Size,Small,SKU0691,78,15.44,117.44
dummy-product-692,Dummy Product 692,<p>This is a description for Dummy Product 692.</p>,Vendor 7,Type 4,"tag692,sample",TRUE,Size,Large,SKU0692,15,49.40,106.54
dummy-product-693,Dummy Product 693,<p>This is a description for Dummy Product 693.</p>,Vendor 7,Type 4,"tag693,sample",TRUE,Size,Small,SKU0693,68,74.98,107.91
dummy-product-694,Dummy Product 694,<p>This is a description for Dummy Product 694.</p>,Vendor 7,Type 4,"tag694,sample",TRUE,Size,Large,SKU0694,86,65.99,108.11
dummy-product-695,Dummy Product 695,<p>This is a description for Dummy Product 695.</p>,Vendor 7,Type 4,"tag695,sample",TRUE,Size,Small,SKU0695,6,6.23,117.94
dummy-product-696,Dummy Product 696,<p>This is a description for Dummy Product 696.</p>,Vendor 7,Type 4,"tag696,sample",TRUE,Size,Large,SKU0696,2,1.46,100.79
dummy-product-697,Dummy Product 697,<p>This is a description for Dummy Product 697.</p>,Vendor 7,Type 4,"tag697,sample",TRUE,Size,Small,SKU0697,72,15.92,105.79
dummy-product-698,Dummy Product 698,<p>This is a description for Dummy Product 698.</p>,Vendor 7,Type 4,"tag698,sample",TRUE,Size,Large,SKU0698,26,34.41,105.02
dummy-product-699,Dummy Product 699,<p>This is a description for Dummy Product 699.</p>,Vendor 7,Type 4,"tag699,sample",TRUE,Size,Small,SKU0699,1,13.07,100.37
dummy-product-700,Dummy Product 700,<p>This is a description for Dummy Product 700.</p>,Vendor 7,Type 4,"tag700,sample",TRUE,Size,Large,SKU0700,60,26.75,116.22
dummy-product-701,Dummy Product 701,<p>This is a description for Dummy Product 701.</p>,Vendor 8,Type 4,"tag701,sample",TRUE,Size,Small,SKU0701,36,24.50,117.15
dummy-product-702,Dummy Product 702,<p>This is a description for Dummy Product 702.</p>,Vendor 8,Type 4,"tag702,sample",TRUE,Size,Large,SKU0702,98,90.87,110.40
dummy-product-703,Dummy Product 703,<p>This is a description for Dummy Product 703.</p>,Vendor 8,Type 4,"tag703,sample",TRUE,Size,Small,SKU0703,34,91.66,102.12
dummy-product-704,Dummy Product 704,<p>This is a description for Dummy Product 704.</p>,Vendor 8,Type 4,"tag704,sample",TRUE,Size,Large,SKU0704,1,76.48,110.84
dummy-product-705,Dummy Product 705,<p>This is a description for Dummy Product 705.</p>,Vendor 8,Type 4,"tag705,sample",TRUE,Size,Small,SKU0705,31,18.33,119.97
dummy-product-706,Dummy Product 706,<p>This is a description for Dummy Product 706.</p>,Vendor 8,Type 4,"tag706,sample",TRUE,Size,Large,SKU0706,31,88.91,113.47
dummy-product-707,Dummy Product 707,<p>This is a description for Dummy Product 707.</p>,Vendor 8,Type 4,"tag707,sample",TRUE,Size,Small,SKU0707,74,36.47,105.41
dummy-product-708,Dummy Product 708,<p>This is a description for Dummy Product 708.</p>,Vendor 8,Type 4,"tag708,sample",TRUE,Size,Large,SKU0708,0,27.52,108.37
dummy-product-709,Dummy Product 709,<p>This is a description for Dummy Product 709.</p>,Vendor 8,Type 4,"tag709,sample",TRUE,Size,Small,SKU0709,10,72.96,102.57
dummy-product-710,Dummy Product 710,<p>This is a description for Dummy Product 710.</p>,Vendor 8,Type 4,"tag710,sample",TRUE,Size,Large,SKU0710,92,79.08,117.96
dummy-product-711,Dummy Product 711,<p>This is a description for Dummy Product 711.</p>,Vendor 8,Type 4,"tag711,sample",TRUE,Size,Small,SKU0711,36,30.53,119.71
dummy-product-712,Dummy Product 712,<p>This is a description for Dummy Product 712.</p>,Vendor 8,Type 4,"tag712,sample",TRUE,Size,Large,SKU0712,99,38.91,101.35
dummy-product-713,Dummy Product 713,<p>This is a description for Dummy Product 713.</p>,Vendor 8,Type 4,"tag713,sample",TRUE,Size,Small,SKU0713,1,29.84,102.73
dummy-product-714,Dummy Product 714,<p>This is a description for Dummy Product 714.</p>,Vendor 8,Type 4,"tag714,sample",TRUE,Size,Large,SKU0714,22,74.51,112.68
dummy-product-715,Dummy Product 715,<p>This is a description for Dummy Product 715.</p>,Vendor 8,Type 4,"tag715,sample",TRUE,Size,Small,SKU0715,74,96.89,118.05
dummy-product-716,Dummy Product 716,<p>This is a description for Dummy Product 716.</p>,Vendor 8,Type 4,"tag716,sample",TRUE,Size,Large,SKU0716,34,66.70,113.71
dummy-product-717,Dummy Product 717,<p>This is a description for Dummy Product 717.</p>,Vendor 8,Type 4,"tag717,sample",TRUE,Size,Small,SKU0717,33,5.16,116.46
dummy-product-718,Dummy Product 718,<p>This is a description for Dummy Product 718.</p>,Vendor 8,Type 4,"tag718,sample",TRUE,Size,Large,SKU0718,91,10.57,114.72
dummy-product-719,Dummy Product 719,<p>This is a description for Dummy Product 719.</p>,Vendor 8,Type 4,"tag719,sample",TRUE,Size,Small,SKU0719,64,38.87,104.96
dummy-product-720,Dummy Product 720,<p>This is a description for Dummy Product 720.</p>,Vendor 8,Type 4,"tag720,sample",TRUE,Size,Large,SKU0720,11,32.85,106.01
dummy-product-721,Dummy Product 721,<p>This is a description for Dummy Product 721.</p>,Vendor 8,Type 4,"tag721,sample",TRUE,Size,Small,SKU0721,16,9.86,104.81
dummy-product-722,Dummy Product 722,<p>This is a description for Dummy Product 722.</p>,Vendor 8,Type 4,"tag722,sample",TRUE,Size,Large,SKU0722,70,77.32,104.44
dummy-product-723,Dummy Product 723,<p>This is a description for Dummy Product 723.</p>,Vendor 8,Type 4,"tag723,sample",TRUE,Size,Small,SKU0723,15,79.08,107.33
dummy-product-724,Dummy Product 724,<p>This is a description for Dummy Product 724.</p>,Vendor 8,Type 4,"tag724,sample",TRUE,Size,Large,SKU0724,11,13.50,100.45
dummy-product-725,Dummy Product 725,<p>This is a description for Dummy Product 725.</p>,Vendor 8,Type 4,"tag725,sample",TRUE,Size,Small,SKU0725,65,37.66,119.44
dummy-product-726,Dummy Product 726,<p>This is a description for Dummy Product 726.</p>,Vendor 8,Type 4,"tag726,sample",TRUE,Size,Large,SKU0726,56,66.05,118.56
dummy-product-727,Dummy Product 727,<p>This is a description for Dummy Product 727.</p>,Vendor 8,Type 4,"tag727,sample",TRUE,Size,Small,SKU0727,82,80.26,111.60
dummy-product-728,Dummy Product 728,<p>This is a description for Dummy Product 728.</p>,Vendor 8,Type 4,"tag728,sample",TRUE,Size,Large,SKU0728,7,43.17,114.01
dummy-product-729,Dummy Product 729,<p>This is a description for Dummy Product 729.</p>,Vendor 8,Type 4,"tag729,sample",TRUE,Size,Small,SKU0729,27,79.91,119.91
dummy-product-730,Dummy Product 730,<p>This is a description for Dummy Product 730.</p>,Vendor 8,Type 4,"tag730,sample",TRUE,Size,Large,SKU0730,47,72.90,118.51
dummy-product-731,Dummy Product 731,<p>This is a description for Dummy Product 731.</p>,Vendor 8,Type 4,"tag731,sample",TRUE,Size,Small,SKU0731,54,48.39,105.94
dummy-product-732,Dummy Product 732,<p>This is a description for Dummy Product 732.</p>,Vendor 8,Type 4,"tag732,sample",TRUE,Size,Large,SKU0732,47,52.28,110.10
dummy-product-733,Dummy Product 733,<p>This is a description for Dummy Product 733.</p>,Vendor 8,Type 4,"tag733,sample",TRUE,Size,Small,SKU0733,0,34.71,116.19
dummy-product-734,Dummy Product 734,<p>This is a description for Dummy Product 734.</p>,Vendor 8,Type 4,"tag734,sample",TRUE,Size,Large,SKU0734,56,35.12,110.21
dummy-product-735,Dummy Product 735,<p>This is a description for Dummy Product 735.</p>,Vendor 8,Type 4,"tag735,sample",TRUE,Size,Small,SKU0735,97,82.94,102.21
dummy-product-736,Dummy Product 736,<p>This is a description for Dummy Product 736.</p>,Vendor 8,Type 4,"tag736,sample",TRUE,Size,Large,SKU0736,84,38.83,108.94
dummy-product-737,Dummy Product 737,<p>This is a description for Dummy Product 737.</p>,Vendor 8,Type 4,"tag737,sample",TRUE,Size,Small,SKU0737,38,14.04,111.30
dummy-product-738,Dummy Product 738,<p>This is a description for Dummy Product 738.</p>,Vendor 8,Type 4,"tag738,sample",TRUE,Size,Large,SKU0738,25,38.01,103.82
dummy-product-739,Dummy Product 739,<p>This is a description for Dummy Product 739.</p>,Vendor 8,Type 4,"tag739,sample",TRUE,Size,Small,SKU0739,30,56.16,107.68
dummy-product-740,Dummy Product 740,<p>This is a description for Dummy Product 740.</p>,Vendor 8,Type 4,"tag740,sample",TRUE,Size,Large,SKU0740,52,54.75,108.91
dummy-product-741,Dummy Product 741,<p>This is a description for Dummy Product 741.</p>,Vendor 8,Type 4,"tag741,sample",TRUE,Size,Small,SKU0741,48,26.14,117.34
dummy-product-742,Dummy Product 742,<p>This is a description for Dummy Product 742.</p>,Vendor 8,Type 4,"tag742,sample",TRUE,Size,Large,SKU0742,83,1.84,106.43
dummy-product-743,Dummy Product 743,<p>This is a description for Dummy Product 743.</p>,Vendor 8,Type 4,"tag743,sample",TRUE,Size,Small,SKU0743,20,12.39,100.93
dummy-product-744,Dummy Product 744,<p>This is a description for Dummy Product 744.</p>,Vendor 8,Type 4,"tag744,sample",TRUE,Size,Large,SKU0744,42,20.33,100.53
dummy-product-745,Dummy Product 745,<p>This is a description for Dummy Product 745.</p>,Vendor 8,Type 4,"tag745,sample",TRUE,Size,Small,SKU0745,10,44.29,112.51
dummy-product-746,Dummy Product 746,<p>This is a description for Dummy Product 746.</p>,Vendor 8,Type 4,"tag746,sample",TRUE,Size,Large,SKU0746,46,4.05,107.51
dummy-product-747,Dummy Product 747,<p>This is a description for Dummy Product 747.</p>,Vendor 8,Type 4,"tag747,sample",TRUE,Size,Small,SKU0747,89,16.43,117.05
dummy-product-748,Dummy Product 748,<p>This is a description for Dummy Product 748.</p>,Vendor 8,Type 4,"tag748,sample",TRUE,Size,Large,SKU0748,34,35.67,114.46
dummy-product-749,Dummy Product 749,<p>This is a description for Dummy Product 749.</p>,Vendor 8,Type 4,"tag749,sample",TRUE,Size,Small,SKU0749,13,32.83,117.65
dummy-product-750,Dummy Product 750,<p>This is a description for Dummy Product 750.</p>,Vendor 8,Type 4,"tag750,sample",TRUE,Size,Large,SKU0750,81,27.38,101.24
dummy-product-751,Dummy Product 751,<p>This is a description for Dummy Product 751.</p>,Vendor 8,Type 4,"tag751,sample",TRUE,Size,Small,SKU0751,0,14.83,113.53
dummy-product-752,Dummy Product 752,<p>This is a description for Dummy Product 752.</p>,Vendor 8,Type 4,"tag752,sample",TRUE,Size,Large,SKU0752,26,0.16,106.15
dummy-product-753,Dummy Product 753,<p>This is a description for Dummy Product 753.</p>,Vendor 8,Type 4,"tag753,sample",TRUE,Size,Small,SKU0753,67,81.99,106.93
dummy-product-754,Dummy Product 754,<p>This is a description for Dummy Product 754.</p>,Vendor 8,Type 4,"tag754,sample",TRUE,Size,Large,SKU0754,30,89.90,116.73
dummy-product-755,Dummy Product 755,<p>This is a description for Dummy Product 755.</p>,Vendor 8,Type 4,"tag755,sample",TRUE,Size,Small,SKU0755,70,29.59,101.39
dummy-product-756,Dummy Product 756,<p>This is a description for Dummy Product 756.</p>,Vendor 8,Type 4,"tag756,sample",TRUE,Size,Large,SKU0756,98,66.06,115.00
dummy-product-757,Dummy Product 757,<p>This is a description for Dummy Product 757.</p>,Vendor 8,Type 4,"tag757,sample",TRUE,Size,Small,SKU0757,79,0.33,105.35
dummy-product-758,Dummy Product 758,<p>This is a description for Dummy Product 758.</p>,Vendor 8,Type 4,"tag758,sample",TRUE,Size,Large,SKU0758,68,71.99,119.89
dummy-product-759,Dummy Product 759,<p>This is a description for Dummy Product 759.</p>,Vendor 8,Type 4,"tag759,sample",TRUE,Size,Small,SKU0759,6,32.98,103.10
dummy-product-760,Dummy Product 760,<p>This is a description for Dummy Product 760.</p>,Vendor 8,Type 4,"tag760,sample",TRUE,Size,Large,SKU0760,92,89.19,108.21
dummy-product-761,Dummy Product 761,<p>This is a description for Dummy Product 761.</p>,Vendor 8,Type 4,"tag761,sample",TRUE,Size,Small,SKU0761,91,91.53,115.54
dummy-product-762,Dummy Product 762,<p>This is a description for Dummy Product 762.</p>,Vendor 8,Type 4,"tag762,sample",TRUE,Size,Large,SKU0762,60,66.09,115.42
dummy-product-763,Dummy Product 763,<p>This is a description for Dummy Product 763.</p>,Vendor 8,Type 4,"tag763,sample",TRUE,Size,Small,SKU0763,80,20.35,119.67
dummy-product-764,Dummy Product 764,<p>This is a description for Dummy Product 764.</p>,Vendor 8,Type 4,"tag764,sample",TRUE,Size,Large,SKU0764,37,16.03,103.41
dummy-product-765,Dummy Product 765,<p>This is a description for Dummy Product 765.</p>,Vendor 8,Type 4,"tag765,sample",TRUE,Size,Small,SKU0765,10,87.64,108.97
dummy-product-766,Dummy Product 766,<p>This is a description for Dummy Product 766.</p>,Vendor 8,Type 4,"tag766,sample",TRUE,Size,Large,SKU0766,40,1.35,113.21
dummy-product-767,Dummy Product 767,<p>This is a description for Dummy Product 767.</p>,Vendor 8,Type 4,"tag767,sample",TRUE,Size,Small,SKU0767,82,13.06,118.79
dummy-product-768,Dummy Product 768,<p>This is a description for Dummy Product 768.</p>,Vendor 8,Type 4,"tag768,sample",TRUE,Size,Large,SKU0768,49,86.99,101.36
dummy-product-769,Dummy Product 769,<p>This is a description for Dummy Product 769.</p>,Vendor 8,Type 4,"tag769,sample",TRUE,Size,Small,SKU0769,71,5.71,102.50
dummy-product-770,Dummy Product 770,<p>This is a description for Dummy Product 770.</p>,Vendor 8,Type 4,"tag770,sample",TRUE,Size,Large,SKU0770,74,67.44,117.10
dummy-product-771,Dummy Product 771,<p>This is a description for Dummy Product 771.</p>,Vendor 8,Type 4,"tag771,sample",TRUE,Size,Small,SKU0771,53,44.45,112.21
dummy-product-772,Dummy Product 772,<p>This is a description for Dummy Product 772.</p>,Vendor 8,Type 4,"tag772,sample",TRUE,Size,Large,SKU0772,52,50.19,117.70
dummy-product-773,Dummy Product 773,<p>This is a description for Dummy Product 773.</p>,Vendor 8,Type 4,"tag773,sample",TRUE,Size,Small,SKU0773,77,42.69,117.02
dummy-product-774,Dummy Product 774,<p>This is a description for Dummy Product 774.</p>,Vendor 8,Type 4,"tag774,sample",TRUE,Size,Large,SKU0774,81,90.12,114.52
dummy-product-775,Dummy Product 775,<p>This is a description for Dummy Product 775.</p>,Vendor 8,Type 4,"tag775,sample",TRUE,Size,Small,SKU0775,38,55.13,117.06
dummy-product-776,Dummy Product 776,<p>This is a description for Dummy Product 776.</p>,Vendor 8,Type 4,"tag776,sample",TRUE,Size,Large,SKU0776,86,55.84,106.20
dummy-product-777,Dummy Product 777,<p>This is a description for Dummy Product 777.</p>,Vendor 8,Type 4,"tag777,sample",TRUE,Size,Small,SKU0777,91,2.56,115.90
dummy-product-778,Dummy Product 778,<p>This is a description for Dummy Product 778.</p>,Vendor 8,Type 4,"tag778,sample",TRUE,Size,Large,SKU0778,9,63.24,102.20
dummy-product-779,Dummy Product 779,<p>This is a description for Dummy Product 779.</p>,Vendor 8,Type 4,"tag779,sample",TRUE,Size,Small,SKU0779,48,88.12,109.48
dummy-product-780,Dummy Product 780,<p>This is a description for Dummy Product 780.</p>,Vendor 8,Type 4,"tag780,sample",TRUE,Size,Large,SKU0780,24,87.96,107.02
dummy-product-781,Dummy Product 781,<p>This is a description for Dummy Product 781.</p>,Vendor 8,Type 4,"tag781,sample",TRUE,Size,Small,SKU0781,81,22.08,113.96
dummy-product-782,Dummy Product 782,<p>This is a description for Dummy Product 782.</p>,Vendor 8,Type 4,"tag782,sample",TRUE,Size,Large,SKU0782,26,93.36,116.51
dummy-product-783,Dummy Product 783,<p>This is a description for Dummy Product 783.</p>,Vendor 8,Type 4,"tag783,sample",TRUE,Size,Small,SKU0783,69,51.41,112.28
dummy-product-784,Dummy Product 784,<p>This is a description for Dummy Product 784.</p>,Vendor 8,Type 4,"tag784,sample",TRUE,Size,Large,SKU0784,73,80.24,116.04
dummy-product-785,Dummy Product 785,<p>This is a description for Dummy Product 785.</p>,Vendor 8,Type 4,"tag785,sample",TRUE,Size,Small,SKU0785,13,74.57,114.83
dummy-product-786,Dummy Product 786,<p>This is a description for Dummy Product 786.</p>,Vendor 8,Type 4,"tag786,sample",TRUE,Size,Large,SKU0786,64,36.29,110.00
dummy-product-787,Dummy Product 787,<p>This is a description for Dummy Product 787.</p>,Vendor 8,Type 4,"tag787,sample",TRUE,Size,Small,SKU0787,48,89.20,110.75
dummy-product-788,Dummy Product 788,<p>This is a description for Dummy Product 788.</p>,Vendor 8,Type 4,"tag788,sample",TRUE,Size,Large,SKU0788,92,36.47,113.42
dummy-product-789,Dummy Product 789,<p>This is a description for Dummy Product 789.</p>,Vendor 8,Type 4,"tag789,sample",TRUE,Size,Small,SKU0789,94,88.97,103.68
dummy-product-790,Dummy Product 790,<p>This is a description for Dummy Product 790.</p>,Vendor 8,Type 4,"tag790,sample",TRUE,Size,Large,SKU0790,84,62.13,105.64
dummy-product-791,Dummy Product 791,<p>This is a description for Dummy Product 791.</p>,Vendor 8,Type 4,"tag791,sample",TRUE,Size,Small,SKU0791,28,59.17,112.71
dummy-product-792,Dummy Product 792,<p>This is a description for Dummy Product 792.</p>,Vendor 8,Type 4,"tag792,sample",TRUE,Size,Large,SKU0792,84,84.96,102.63
dummy-product-793,Dummy Product 793,<p>This is a description for Dummy Product 793.</p>,Vendor 8,Type 4,"tag793,sample",TRUE,Size,Small,SKU0793,6,16.62,109.94
dummy-product-794,Dummy Product 794,<p>This is a description for Dummy Product 794.</p>,Vendor 8,Type 4,"tag794,sample",TRUE,Size,Large,SKU0794,96,98.91,108.41
dummy-product-795,Dummy Product 795,<p>This is a description for Dummy Product 795.</p>,Vendor 8,Type 4,"tag795,sample",TRUE,Size,Small,SKU0795,68,33.79,102.94
dummy-product-796,Dummy Product 796,<p>This is a description for Dummy Product 796.</p>,Vendor 8,Type 4,"tag796,sample",TRUE,Size,Large,SKU0796,93,32.70,117.96
dummy-product-797,Dummy Product 797,<p>This is a description for Dummy Product 797.</p>,Vendor 8,Type 4,"tag797,sample",TRUE,Size,Small,SKU0797,61,89.67,112.83
dummy-product-798,Dummy Product 798,<p>This is a description for Dummy Product 798.</p>,Vendor 8,Type 4,"tag798,sample",TRUE,Size,Large,SKU0798,15,9.93,119.81
dummy-product-799,Dummy Product 799,<p>This is a description for Dummy Product 799.</p>,Vendor 8,Type 4,"tag799,sample",TRUE,Size,Small,SKU0799,55,95.70,114.03
dummy-product-800,Dummy Product 800,<p>This is a description for Dummy Product 800.</p>,Vendor 8,Type 4,"tag800,sample",TRUE,Size,Large,SKU0800,94,91.08,116.33
dummy-product-801,Dummy Product 801,<p>This is a description for Dummy Product 801.</p>,Vendor 9,Type 5,"tag801,sample",TRUE,Size,Small,SKU0801,37,9.11,109.36
dummy-product-802,Dummy Product 802,<p>This is a description for Dummy Product 802.</p>,Vendor 9,Type 5,"tag802,sample",TRUE,Size,Large,SKU0802,98,93.59,118.52
dummy-product-803,Dummy Product 803,<p>This is a description for Dummy Product 803.</p>,Vendor 9,Type 5,"tag803,sample",TRUE,Size,Small,SKU0803,44,45.75,117.91
dummy-product-804,Dummy Product 804,<p>This is a description for Dummy Product 804.</p>,Vendor 9,Type 5,"tag804,sample",TRUE,Size,Large,SKU0804,58,32.93,106.10
dummy-product-805,Dummy Product 805,<p>This is a description for Dummy Product 805.</p>,Vendor 9,Type 5,"tag805,sample",TRUE,Size,Small,SKU0805,58,67.28,103.27
dummy-product-806,Dummy Product 806,<p>This is a description for Dummy Product 806.</p>,Vendor 9,Type 5,"tag806,sample",TRUE,Size,Large,SKU0806,41,29.75,101.07
dummy-product-807,Dummy Product 807,<p>This is a description for Dummy Product 807.</p>,Vendor 9,Type 5,"tag807,sample",TRUE,Size,Small,SKU0807,1,24.11,105.60
dummy-product-808,Dummy Product 808,<p>This is a description for Dummy Product 808.</p>,Vendor 9,Type 5,"tag808,sample",TRUE,Size,Large,SKU0808,60,1.30,101.25
dummy-product-809,Dummy Product 809,<p>This is a description for Dummy Product 809.</p>,Vendor 9,Type 5,"tag809,sample",TRUE,Size,Small,SKU0809,6,21.93,118.91
dummy-product-810,Dummy Product 810,<p>This is a description for Dummy Product 810.</p>,Vendor 9,Type 5,"tag810,sample",TRUE,Size,Large,SKU0810,30,6.92,104.64
dummy-product-811,Dummy Product 811,<p>This is a description for Dummy Product 811.</p>,Vendor 9,Type 5,"tag811,sample",TRUE,Size,Small,SKU0811,71,69.21,113.03
dummy-product-812,Dummy Product 812,<p>This is a description for Dummy Product 812.</p>,Vendor 9,Type 5,"tag812,sample",TRUE,Size,Large,SKU0812,16,46.24,113.57
dummy-product-813,Dummy Product 813,<p>This is a description for Dummy Product 813.</p>,Vendor 9,Type 5,"tag813,sample",TRUE,Size,Small,SKU0813,48,93.89,113.23
dummy-product-814,Dummy Product 814,<p>This is a description for Dummy Product 814.</p>,Vendor 9,Type 5,"tag814,sample",TRUE,Size,Large,SKU0814,81,80.68,103.93
dummy-product-815,Dummy Product 815,<p>This is a description for Dummy Product 815.</p>,Vendor 9,Type 5,"tag815,sample",TRUE,Size,Small,SKU0815,23,59.11,111.25
dummy-product-816,Dummy Product 816,<p>This is a description for Dummy Product 816.</p>,Vendor 9,Type 5,"tag816,sample",TRUE,Size,Large,SKU0816,21,72.78,116.79
dummy-product-817,Dummy Product 817,<p>This is a description for Dummy Product 817.</p>,Vendor 9,Type 5,"tag817,sample",TRUE,Size,Small,SKU0817,86,86.05,101.16
dummy-product-818,Dummy Product 818,<p>This is a description for Dummy Product 818.</p>,Vendor 9,Type 5,"tag818,sample",TRUE,Size,Large,SKU0818,36,71.35,104.81
dummy-product-819,Dummy Product 819,<p>This is a description for Dummy Product 819.</p>,Vendor 9,Type 5,"tag819,sample",TRUE,Size,Small,SKU0819,81,3.20,115.88
dummy-product-820,Dummy Product 820,<p>This is a description for Dummy Product 820.</p>,Vendor 9,Type 5,"tag820,sample",TRUE,Size,Large,SKU0820,52,85.56,102.78
dummy-product-821,Dummy Product 821,<p>This is a description for Dummy Product 821.</p>,Vendor 9,Type 5,"tag821,sample",TRUE,Size,Small,SKU0821,68,11.98,100.92
dummy-product-822,Dummy Product 822,<p>This is a description for Dummy Product 822.</p>,Vendor 9,Type 5,"tag822,sample",TRUE,Size,Large,SKU0822,26,39.95,104.74
dummy-product-823,Dummy Product 823,<p>This is a description for Dummy Product 823.</p>,Vendor 9,Type 5,"tag823,sample",TRUE,Size,Small,SKU0823,37,62.16,118.54
dummy-product-824,Dummy Product 824,<p>This is a description for Dummy Product 824.</p>,Vendor 9,Type 5,"tag824,sample",TRUE,Size,Large,SKU0824,28,78.77,113.79
dummy-product-825,Dummy Product 825,<p>This is a description for Dummy Product 825.</p>,Vendor 9,Type 5,"tag825,sample",TRUE,Size,Small,SKU0825,18,60.51,103.22
dummy-product-826,Dummy Product 826,<p>This is a description for Dummy Product 826.</p>,Vendor 9,Type 5,"tag826,sample",TRUE,Size,Large,SKU0826,61,61.29,108.86
dummy-product-827,Dummy Product 827,<p>This is a description for Dummy Product 827.</p>,Vendor 9,Type 5,"tag827,sample",TRUE,Size,Small,SKU0827,32,96.27,101.99
dummy-product-828,Dummy Product 828,<p>This is a description for Dummy Product 828.</p>,Vendor 9,Type 5,"tag828,sample",TRUE,Size,Large,SKU0828,53,11.51,109.78
dummy-product-829,Dummy Product 829,<p>This is a description for Dummy Product 829.</p>,Vendor 9,Type 5,"tag829,sample",TRUE,Size,Small,SKU0829,70,90.46,115.15
dummy-product-830,Dummy Product 830,<p>This is a description for Dummy Product 830.</p>,Vendor 9,Type 5,"tag830,sample",TRUE,Size,Large,SKU0830,39,66.49,109.21
dummy-product-831,Dummy Product 831,<p>This is a description for Dummy Product 831.</p>,Vendor 9,Type 5,"tag831,sample",TRUE,Size,Small,SKU0831,1,34.56,114.16
dummy-product-832,Dummy Product 832,<p>This is a description for Dummy Product 832.</p>,Vendor 9,Type 5,"tag832,sample",TRUE,Size,Large,SKU0832,66,51.58,114.70
dummy-product-833,Dummy Product 833,<p>This is a description for Dummy Product 833.</p>,Vendor 9,Type 5,"tag833,sample",TRUE,Size,Small,SKU0833,87,76.37,104.54
dummy-product-834,Dummy Product 834,<p>This is a description for Dummy Product 834.</p>,Vendor 9,Type 5,"tag834,sample",TRUE,Size,Large,SKU0834,27,1.99,102.70
dummy-product-835,Dummy Product 835,<p>This is a description for Dummy Product 835.</p>,Vendor 9,Type 5,"tag835,sample",TRUE,Size,Small,SKU0835,29,45.13,104.19
dummy-product-836,Dummy Product 836,<p>This is a description for Dummy Product 836.</p>,Vendor 9,Type 5,"tag836,sample",TRUE,Size,Large,SKU0836,20,94.02,106.07
dummy-product-837,Dummy Product 837,<p>This is a description for Dummy Product 837.</p>,Vendor 9,Type 5,"tag837,sample",TRUE,Size,Small,SKU0837,15,8.93,112.07
dummy-product-838,Dummy Product 838,<p>This is a description for Dummy Product 838.</p>,Vendor 9,Type 5,"tag838,sample",TRUE,Size,Large,SKU0838,4,53.16,108.17
dummy-product-839,Dummy Product 839,<p>This is a description for Dummy Product 839.</p>,Vendor 9,Type 5,"tag839,sample",TRUE,Size,Small,SKU0839,69,7.51,112.69
dummy-product-840,Dummy Product 840,<p>This is a description for Dummy Product 840.</p>,Vendor 9,Type 5,"tag840,sample",TRUE,Size,Large,SKU0840,41,54.33,111.71
dummy-product-841,Dummy Product 841,<p>This is a description for Dummy Product 841.</p>,Vendor 9,Type 5,"tag841,sample",TRUE,Size,Small,SKU0841,15,99.46,114.31
dummy-product-842,Dummy Product 842,<p>This is a description for Dummy Product 842.</p>,Vendor 9,Type 5,"tag842,sample",TRUE,Size,Large,SKU0842,9,18.79,117.50
dummy-product-843,Dummy Product 843,<p>This is a description for Dummy Product 843.</p>,Vendor 9,Type 5,"tag843,sample",TRUE,Size,Small,SKU0843,22,17.34,104.20
dummy-product-844,Dummy Product 844,<p>This is a description for Dummy Product 844.</p>,Vendor 9,Type 5,"tag844,sample",TRUE,Size,Large,SKU0844,25,0.23,103.64
dummy-product-845,Dummy Product 845,<p>This is a description for Dummy Product 845.</p>,Vendor 9,Type 5,"tag845,sample",TRUE,Size,Small,SKU0845,83,84.54,110.00
dummy-product-846,Dummy Product 846,<p>This is a description for Dummy Product 846.</p>,Vendor 9,Type 5,"tag846,sample",TRUE,Size,Large,SKU0846,58,79.36,109.08
dummy-product-847,Dummy Product 847,<p>This is a description for Dummy Product 847.</p>,Vendor 9,Type 5,"tag847,sample",TRUE,Size,Small,SKU0847,24,4.74,117.14
dummy-product-848,Dummy Product 848,<p>This is a description for Dummy Product 848.</p>,Vendor 9,Type 5,"tag848,sample",TRUE,Size,Large,SKU0848,13,74.43,109.42
dummy-product-849,Dummy Product 849,<p>This is a description for Dummy Product 849.</p>,Vendor 9,Type 5,"tag849,sample",TRUE,Size,Small,SKU0849,15,74.57,118.29
dummy-product-850,Dummy Product 850,<p>This is a description for Dummy Product 850.</p>,Vendor 9,Type 5,"tag850,sample",TRUE,Size,Large,SKU0850,9,63.45,110.12
dummy-product-851,Dummy Product 851,<p>This is a description for Dummy Product 851.</p>,Vendor 9,Type 5,"tag851,sample",TRUE,Size,Small,SKU0851,60,90.76,102.06
dummy-product-852,Dummy Product 852,<p>This is a description for Dummy Product 852.</p>,Vendor 9,Type 5,"tag852,sample",TRUE,Size,Large,SKU0852,9,38.79,100.77
dummy-product-853,Dummy Product 853,<p>This is a description for Dummy Product 853.</p>,Vendor 9,Type 5,"tag853,sample",TRUE,Size,Small,SKU0853,53,94.17,108.70
dummy-product-854,Dummy Product 854,<p>This is a description for Dummy Product 854.</p>,Vendor 9,Type 5,"tag854,sample",TRUE,Size,Large,SKU0854,99,12.07,111.09
dummy-product-855,Dummy Product 855,<p>This is a description for Dummy Product 855.</p>,Vendor 9,Type 5,"tag855,sample",TRUE,Size,Small,SKU0855,43,46.38,106.91
dummy-product-856,Dummy Product 856,<p>This is a description for Dummy Product 856.</p>,Vendor 9,Type 5,"tag856,sample",TRUE,Size,Large,SKU0856,46,86.48,104.46
dummy-product-857,Dummy Product 857,<p>This is a description for Dummy Product 857.</p>,Vendor 9,Type 5,"tag857,sample",TRUE,Size,Small,SKU0857,69,9.52,110.75
dummy-product-858,Dummy Product 858,<p>This is a description for Dummy Product 858.</p>,Vendor 9,Type 5,"tag858,sample",TRUE,Size,Large,SKU0858,2,15.15,101.30
dummy-product-859,Dummy Product 859,<p>This is a description for Dummy Product 859.</p>,Vendor 9,Type 5,"tag859,sample",TRUE,Size,Small,SKU0859,6,59.09,117.37
dummy-product-860,Dummy Product 860,<p>This is a description for Dummy Product 860.</p>,Vendor 9,Type 5,"tag860,sample",TRUE,Size,Large,SKU0860,52,83.24,118.08
dummy-product-861,Dummy Product 861,<p>This is a description for Dummy Product 861.</p>,Vendor 9,Type 5,"tag861,sample",TRUE,Size,Small,SKU0861,27,39.16,116.25
dummy-product-862,Dummy Product 862,<p>This is a description for Dummy Product 862.</p>,Vendor 9,Type 5,"tag862,sample",TRUE,Size,Large,SKU0862,98,12.41,106.43
dummy-product-863,Dummy Product 863,<p>This is a description for Dummy Product 863.</p>,Vendor 9,Type 5,"tag863,sample",TRUE,Size,Small,SKU0863,86,69.83,113.84
dummy-product-864,Dummy Product 864,<p>This is a description for Dummy Product 864.</p>,Vendor 9,Type 5,"tag864,sample",TRUE,Size,Large,SKU0864,15,17.71,104.53
dummy-product-865,Dummy Product 865,<p>This is a description for Dummy Product 865.</p>,Vendor 9,Type 5,"tag865,sample",TRUE,Size,Small,SKU0865,61,34.25,109.31
dummy-product-866,Dummy Product 866,<p>This is a description for Dummy Product 866.</p>,Vendor 9,Type 5,"tag866,sample",TRUE,Size,Large,SKU0866,47,11.84,119.19
dummy-product-867,Dummy Product 867,<p>This is a description for Dummy Product 867.</p>,Vendor 9,Type 5,"tag867,sample",TRUE,Size,Small,SKU0867,78,48.70,112.99
dummy-product-868,Dummy Product 868,<p>This is a description for Dummy Product 868.</p>,Vendor 9,Type 5,"tag868,sample",TRUE,Size,Large,SKU0868,46,86.63,117.07
dummy-product-869,Dummy Product 869,<p>This is a description for Dummy Product 869.</p>,Vendor 9,Type 5,"tag869,sample",TRUE,Size,Small,SKU0869,62,24.68,100.97
dummy-product-870,Dummy Product 870,<p>This is a description for Dummy Product 870.</p>,Vendor 9,Type 5,"tag870,sample",TRUE,Size,Large,SKU0870,73,42.45,117.31
dummy-product-871,Dummy Product 871,<p>This is a description for Dummy Product 871.</p>,Vendor 9,Type 5,"tag871,sample",TRUE,Size,Small,SKU0871,19,15.35,104.37
dummy-product-872,Dummy Product 872,<p>This is a description for Dummy Product 872.</p>,Vendor 9,Type 5,"tag872,sample",TRUE,Size,Large,SKU0872,32,35.65,113.32
dummy-product-873,Dummy Product 873,<p>This is a description for Dummy Product 873.</p>,Vendor 9,Type 5,"tag873,sample",TRUE,Size,Small,SKU0873,5,65.53,107.63
dummy-product-874,Dummy Product 874,<p>This is a description for Dummy Product 874.</p>,Vendor 9,Type 5,"tag874,sample",TRUE,Size,Large,SKU0874,80,17.74,112.17
dummy-product-875,Dummy Product 875,<p>This is a description for Dummy Product 875.</p>,Vendor 9,Type 5,"tag875,sample",TRUE,Size,Small,SKU0875,66,91.78,113.13
dummy-product-876,Dummy Product 876,<p>This is a description for Dummy Product 876.</p>,Vendor 9,Type 5,"tag876,sample",TRUE,Size,Large,SKU0876,24,88.02,110.77
dummy-product-877,Dummy Product 877,<p>This is a description for Dummy Product 877.</p>,Vendor 9,Type 5,"tag877,sample",TRUE,Size,Small,SKU0877,85,53.04,110.70
dummy-product-878,Dummy Product 878,<p>This is a description for Dummy Product 878.</p>,Vendor 9,Type 5,"tag878,sample",TRUE,Size,Large,SKU0878,76,82.17,114.11
dummy-product-879,Dummy Product 879,<p>This is a description for Dummy Product 879.</p>,Vendor 9,Type 5,"tag879,sample",TRUE,Size,Small,SKU0879,5,14.70,118.98
dummy-product-880,Dummy Product 880,<p>This is a description for Dummy Product 880.</p>,Vendor 9,Type 5,"tag880,sample",TRUE,Size,Large,SKU0880,81,27.80,108.39
dummy-product-881,Dummy Product 881,<p>This is a description for Dummy Product 881.</p>,Vendor 9,Type 5,"tag881,sample",TRUE,Size,Small,SKU0881,18,19.65,112.91
dummy-product-882,Dummy Product 882,<p>This is a description for Dummy Product 882.</p>,Vendor 9,Type 5,"tag882,sample",TRUE,Size,Large,SKU0882,22,99.80,109.10
dummy-product-883,Dummy Product 883,<p>This is a description for Dummy Product 883.</p>,Vendor 9,Type 5,"tag883,sample",TRUE,Size,Small,SKU0883,92,63.59,113.29
dummy-product-884,Dummy Product 884,<p>This is a description for Dummy Product 884.</p>,Vendor 9,Type 5,"tag884,sample",TRUE,Size,Large,SKU0884,81,42.81,115.60
dummy-product-885,Dummy Product 885,<p>This is a description for Dummy Product 885.</p>,Vendor 9,Type 5,"tag885,sample",TRUE,Size,Small,SKU0885,68,55.93,105.62
dummy-product-886,Dummy Product 886,<p>This is a description for Dummy Product 886.</p>,Vendor 9,Type 5,"tag886,sample",TRUE,Size,Large,SKU0886,32,15.43,101.27
dummy-product-887,Dummy Product 887,<p>This is a description for Dummy Product 887.</p>,Vendor 9,Type 5,"tag887,sample",TRUE,Size,Small,SKU0887,84,91.62,111.17
dummy-product-888,Dummy Product 888,<p>This is a description for Dummy Product 888.</p>,Vendor 9,Type 5,"tag888,sample",TRUE,Size,Large,SKU0888,84,13.26,118.76
dummy-product-889,Dummy Product 889,<p>This is a description for Dummy Product 889.</p>,Vendor 9,Type 5,"tag889,sample",TRUE,Size,Small,SKU0889,64,84.90,100.72
dummy-product-890,Dummy Product 890,<p>This is a description for Dummy Product 890.</p>,Vendor 9,Type 5,"tag890,sample",TRUE,Size,Large,SKU0890,67,94.12,116.23
dummy-product-891,Dummy Product 891,<p>This is a description for Dummy Product 891.</p>,Vendor 9,Type 5,"tag891,sample",TRUE,Size,Small,SKU0891,90,73.35,117.35
dummy-product-892,Dummy Product 892,<p>This is a description for Dummy Product 892.</p>,Vendor 9,Type 5,"tag892,sample",TRUE,Size,Large,SKU0892,64,77.04,114.36
dummy-product-893,Dummy Product 893,<p>This is a description for Dummy Product 893.</p>,Vendor 9,Type 5,"tag893,sample",TRUE,Size,Small,SKU0893,35,46.48,106.79
dummy-product-894,Dummy Product 894,<p>This is a description for Dummy Product 894.</p>,Vendor 9,Type 5,"tag894,sample",TRUE,Size,Large,SKU0894,42,34.79,104.60
dummy-product-895,Dummy Product 895,<p>This is a description for Dummy Product 895.</p>,Vendor 9,Type 5,"tag895,sample",TRUE,Size,Small,SKU0895,5,95.94,114.36
dummy-product-896,Dummy Product 896,<p>This is a description for Dummy Product 896.</p>,Vendor 9,Type 5,"tag896,sample",TRUE,Size,Large,SKU0896,51,75.21,111.40
dummy-product-897,Dummy Product 897,<p>This is a description for Dummy Product 897.</p>,Vendor 9,Type 5,"tag897,sample",TRUE,Size,Small,SKU0897,32,73.30,105.26
dummy-product-898,Dummy Product 898,<p>This is a description for Dummy Product 898.</p>,Vendor 9,Type 5,"tag898,sample",TRUE,Size,Large,SKU0898,44,71.15,116.11
dummy-product-899,Dummy Product 899,<p>This is a description for Dummy Product 899.</p>,Vendor 9,Type 5,"tag899,sample",TRUE,Size,Small,SKU0899,84,45.51,119.07
dummy-product-900,Dummy Product 900,<p>This is a description for Dummy Product 900.</p>,Vendor 9,Type 5,"tag900,sample",TRUE,Size,Large,SKU0900,36,28.47,109.98
dummy-product-901,Dummy Product 901,<p>This is a description for Dummy Product 901.</p>,Vendor 10,Type 5,"tag901,sample",TRUE,Size,Small,SKU0901,51,17.74,117.11
dummy-product-902,Dummy Product 902,<p>This is a description for Dummy Product 902.</p>,Vendor 10,Type 5,"tag902,sample",TRUE,Size,Large,SKU0902,45,74.13,113.17
dummy-product-903,Dummy Product 903,<p>This is a description for Dummy Product 903.</p>,Vendor 10,Type 5,"tag903,sample",TRUE,Size,Small,SKU0903,96,22.09,114.71
dummy-product-904,Dummy Product 904,<p>This is a description for Dummy Product 904.</p>,Vendor 10,Type 5,"tag904,sample",TRUE,Size,Large,SKU0904,21,77.99,104.42
dummy-product-905,Dummy Product 905,<p>This is a description for Dummy Product 905.</p>,Vendor 10,Type 5,"tag905,sample",TRUE,Size,Small,SKU0905,84,19.94,117.10
dummy-product-906,Dummy Product 906,<p>This is a description for Dummy Product 906.</p>,Vendor 10,Type 5,"tag906,sample",TRUE,Size,Large,SKU0906,60,56.34,112.71
dummy-product-907,Dummy Product 907,<p>This is a description for Dummy Product 907.</p>,Vendor 10,Type 5,"tag907,sample",TRUE,Size,Small,SKU0907,95,22.10,102.95
dummy-product-908,Dummy Product 908,<p>This is a description for Dummy Product 908.</p>,Vendor 10,Type 5,"tag908,sample",TRUE,Size,Large,SKU0908,67,53.92,115.17
dummy-product-909,Dummy Product 909,<p>This is a description for Dummy Product 909.</p>,Vendor 10,Type 5,"tag909,sample",TRUE,Size,Small,SKU0909,68,62.07,102.16
dummy-product-910,Dummy Product 910,<p>This is a description for Dummy Product 910.</p>,Vendor 10,Type 5,"tag910,sample",TRUE,Size,Large,SKU0910,80,89.72,111.63
dummy-product-911,Dummy Product 911,<p>This is a description for Dummy Product 911.</p>,Vendor 10,Type 5,"tag911,sample",TRUE,Size,Small,SKU0911,96,98.66,115.53
dummy-product-912,Dummy Product 912,<p>This is a description for Dummy Product 912.</p>,Vendor 10,Type 5,"tag912,sample",TRUE,Size,Large,SKU0912,19,66.51,119.86
dummy-product-913,Dummy Product 913,<p>This is a description for Dummy Product 913.</p>,Vendor 10,Type 5,"tag913,sample",TRUE,Size,Small,SKU0913,56,43.97,106.83
dummy-product-914,Dummy Product 914,<p>This is a description for Dummy Product 914.</p>,Vendor 10,Type 5,"tag914,sample",TRUE,Size,Large,SKU0914,43,80.01,104.94
dummy-product-915,Dummy Product 915,<p>This is a description for Dummy Product 915.</p>,Vendor 10,Type 5,"tag915,sample",TRUE,Size,Small,SKU0915,72,79.27,102.17
dummy-product-916,Dummy Product 916,<p>This is a description for Dummy Product 916.</p>,Vendor 10,Type 5,"tag916,sample",TRUE,Size,Large,SKU0916,16,13.41,113.53
dummy-product-917,Dummy Product 917,<p>This is a description for Dummy Product 917.</p>,Vendor 10,Type 5,"tag917,sample",TRUE,Size,Small,SKU0917,34,58.57,102.71
dummy-product-918,Dummy Product 918,<p>This is a description for Dummy Product 918.</p>,Vendor 10,Type 5,"tag918,sample",TRUE,Size,Large,SKU0918,91,11.41,110.42
dummy-product-919,Dummy Product 919,<p>This is a description for Dummy Product 919.</p>,Vendor 10,Type 5,"tag919,sample",TRUE,Size,Small,SKU0919,6,84.92,102.73
dummy-product-920,Dummy Product 920,<p>This is a description for Dummy Product 920.</p>,Vendor 10,Type 5,"tag920,sample",TRUE,Size,Large,SKU0920,2,18.23,106.06
dummy-product-921,Dummy Product 921,<p>This is a description for Dummy Product 921.</p>,Vendor 10,Type 5,"tag921,sample",TRUE,Size,Small,SKU0921,59,31.43,117.88
dummy-product-922,Dummy Product 922,<p>This is a description for Dummy Product 922.</p>,Vendor 10,Type 5,"tag922,sample",TRUE,Size,Large,SKU0922,82,95.02,114.01
dummy-product-923,Dummy Product 923,<p>This is a description for Dummy Product 923.</p>,Vendor 10,Type 5,"tag923,sample",TRUE,Size,Small,SKU0923,74,72.77,104.78
dummy-product-924,Dummy Product 924,<p>This is a description for Dummy Product 924.</p>,Vendor 10,Type 5,"tag924,sample",TRUE,Size,Large,SKU0924,2,88.75,101.26
dummy-product-925,Dummy Product 925,<p>This is a description for Dummy Product 925.</p>,Vendor 10,Type 5,"tag925,sample",TRUE,Size,Small,SKU0925,70,99.56,109.33
dummy-product-926,Dummy Product 926,<p>This is a description for Dummy Product 926.</p>,Vendor 10,Type 5,"tag926,sample",TRUE,Size,Large,SKU0926,45,17.11,119.41
dummy-product-927,Dummy Product 927,<p>This is a description for Dummy Product 927.</p>,Vendor 10,Type 5,"tag927,sample",TRUE,Size,Small,SKU0927,75,18.81,118.07
dummy-product-928,Dummy Product 928,<p>This is a description for Dummy Product 928.</p>,Vendor 10,Type 5,"tag928,sample",TRUE,Size,Large,SKU0928,48,83.97,104.34
dummy-product-929,Dummy Product 929,<p>This is a description for Dummy Product 929.</p>,Vendor 10,Type 5,"tag929,sample",TRUE,Size,Small,SKU0929,66,33.57,111.29
dummy-product-930,Dummy Product 930,<p>This is a description for Dummy Product 930.</p>,Vendor 10,Type 5,"tag930,sample",TRUE,Size,Large,SKU0930,80,45.31,105.11
dummy-product-931,Dummy Product 931,<p>This is a description for Dummy Product 931.</p>,Vendor 10,Type 5,"tag931,sample",TRUE,Size,Small,SKU0931,83,14.59,112.13
dummy-product-932,Dummy Product 932,<p>This is a description for Dummy Product 932.</p>,Vendor 10,Type 5,"tag932,sample",TRUE,Size,Large,SKU0932,76,21.34,106.05
dummy-product-933,Dummy Product 933,<p>This is a description for Dummy Product 933.</p>,Vendor 10,Type 5,"tag933,sample",TRUE,Size,Small,SKU0933,46,5.87,105.20
dummy-product-934,Dummy Product 934,<p>This is a description for Dummy Product 934.</p>,Vendor 10,Type 5,"tag934,sample",TRUE,Size,Large,SKU0934,68,75.23,105.33
dummy-product-935,Dummy Product 935,<p>This is a description for Dummy Product 935.</p>,Vendor 10,Type 5,"tag935,sample",TRUE,Size,Small,SKU0935,37,7.48,105.38
dummy-product-936,Dummy Product 936,<p>This is a description for Dummy Product 936.</p>,Vendor 10,Type 5,"tag936,sample",TRUE,Size,Large,SKU0936,99,91.78,104.78
dummy-product-937,Dummy Product 937,<p>This is a description for Dummy Product 937.</p>,Vendor 10,Type 5,"tag937,sample",TRUE,Size,Small,SKU0937,97,84.12,102.22
dummy-product-938,Dummy Product 938,<p>This is a description for Dummy Product 938.</p>,Vendor 10,Type 5,"tag938,sample",TRUE,Size,Large,SKU0938,64,30.22,115.95
dummy-product-939,Dummy Product 939,<p>This is a description for Dummy Product 939.</p>,Vendor 10,Type 5,"tag939,sample",TRUE,Size,Small,SKU0939,42,24.83,106.96
dummy-product-940,Dummy Product 940,<p>This is a description for Dummy Product 940.</p>,Vendor 10,Type 5,"tag940,sample",TRUE,Size,Large,SKU0940,38,65.38,106.19
dummy-product-941,Dummy Product 941,<p>This is a description for Dummy Product 941.</p>,Vendor 10,Type 5,"tag941,sample",TRUE,Size,Small,SKU0941,49,3.08,106.60
dummy-product-942,Dummy Product 942,<p>This is a description for Dummy Product 942.</p>,Vendor 10,Type 5,"tag942,sample",TRUE,Size,Large,SKU0942,7,92.27,111.50
dummy-product-943,Dummy Product 943,<p>This is a description for Dummy Product 943.</p>,Vendor 10,Type 5,"tag943,sample",TRUE,Size,Small,SKU0943,57,1.68,103.20
dummy-product-944,Dummy Product 944,<p>This is a description for Dummy Product 944.</p>,Vendor 10,Type 5,"tag944,sample",TRUE,Size,Large,SKU0944,51,73.32,115.40
dummy-product-945,Dummy Product 945,<p>This is a description for Dummy Product 945.</p>,Vendor 10,Type 5,"tag945,sample",TRUE,Size,Small,SKU0945,45,39.34,114.72
dummy-product-946,Dummy Product 946,<p>This is a description for Dummy Product 946.</p>,Vendor 10,Type 5,"tag946,sample",TRUE,Size,Large,SKU0946,24,10.47,103.68
dummy-product-947,Dummy Product 947,<p>This is a description for Dummy Product 947.</p>,Vendor 10,Type 5,"tag947,sample",TRUE,Size,Small,SKU0947,97,33.33,105.35
dummy-product-948,Dummy Product 948,<p>This is a description for Dummy Product 948.</p>,Vendor 10,Type 5,"tag948,sample",TRUE,Size,Large,SKU0948,86,69.46,100.57
dummy-product-949,Dummy Product 949,<p>This is a description for Dummy Product 949.</p>,Vendor 10,Type 5,"tag949,sample",TRUE,Size,Small,SKU0949,60,59.11,105.85
dummy-product-950,Dummy Product 950,<p>This is a description for Dummy Product 950.</p>,Vendor 10,Type 5,"tag950,sample",TRUE,Size,Large,SKU0950,89,60.45,112.18
dummy-product-951,Dummy Product 951,<p>This is a description for Dummy Product 951.</p>,Vendor 10,Type 5,"tag951,sample",TRUE,Size,Small,SKU0951,12,31.31,116.27
dummy-product-952,Dummy Product 952,<p>This is a description for Dummy Product 952.</p>,Vendor 10,Type 5,"tag952,sample",TRUE,Size,Large,SKU0952,15,5.18,103.23
dummy-product-953,Dummy Product 953,<p>This is a description for Dummy Product 953.</p>,Vendor 10,Type 5,"tag953,sample",TRUE,Size,Small,SKU0953,34,31.63,103.67
dummy-product-954,Dummy Product 954,<p>This is a description for Dummy Product 954.</p>,Vendor 10,Type 5,"tag954,sample",TRUE,Size,Large,SKU0954,38,5.69,106.65
dummy-product-955,Dummy Product 955,<p>This is a description for Dummy Product 955.</p>,Vendor 10,Type 5,"tag955,sample",TRUE,Size,Small,SKU0955,1,58.65,105.63
dummy-product-956,Dummy Product 956,<p>This is a description for Dummy Product 956.</p>,Vendor 10,Type 5,"tag956,sample",TRUE,Size,Large,SKU0956,99,7.80,119.00
dummy-product-957,Dummy Product 957,<p>This is a description for Dummy Product 957.</p>,Vendor 10,Type 5,"tag957,sample",TRUE,Size,Small,SKU0957,16,88.43,118.98
dummy-product-958,Dummy Product 958,<p>This is a description for Dummy Product 958.</p>,Vendor 10,Type 5,"tag958,sample",TRUE,Size,Large,SKU0958,80,27.30,119.81
dummy-product-959,Dummy Product 959,<p>This is a description for Dummy Product 959.</p>,Vendor 10,Type 5,"tag959,sample",TRUE,Size,Small,SKU0959,22,92.97,105.28
dummy-product-960,Dummy Product 960,<p>This is a description for Dummy Product 960.</p>,Vendor 10,Type 5,"tag960,sample",TRUE,Size,Large,SKU0960,19,74.01,116.67
dummy-product-961,Dummy Product 961,<p>This is a description for Dummy Product 961.</p>,Vendor 10,Type 5,"tag961,sample",TRUE,Size,Small,SKU0961,33,34.18,111.19
dummy-product-962,Dummy Product 962,<p>This is a description for Dummy Product 962.</p>,Vendor 10,Type 5,"tag962,sample",TRUE,Size,Large,SKU0962,99,56.21,112.13
dummy-product-963,Dummy Product 963,<p>This is a description for Dummy Product 963.</p>,Vendor 10,Type 5,"tag963,sample",TRUE,Size,Small,SKU0963,50,35.49,102.28
dummy-product-964,Dummy Product 964,<p>This is a description for Dummy Product 964.</p>,Vendor 10,Type 5,"tag964,sample",TRUE,Size,Large,SKU0964,13,78.13,105.77
dummy-product-965,Dummy Product 965,<p>This is a description for Dummy Product 965.</p>,Vendor 10,Type 5,"tag965,sample",TRUE,Size,Small,SKU0965,64,84.24,110.16
dummy-product-966,Dummy Product 966,<p>This is a description for Dummy Product 966.</p>,Vendor 10,Type 5,"tag966,sample",TRUE,Size,Large,SKU0966,32,49.86,105.82
dummy-product-967,Dummy Product 967,<p>This is a description for Dummy Product 967.</p>,Vendor 10,Type 5,"tag967,sample",TRUE,Size,Small,SKU0967,93,39.44,119.19
dummy-product-968,Dummy Product 968,<p>This is a description for Dummy Product 968.</p>,Vendor 10,Type 5,"tag968,sample",TRUE,Size,Large,SKU0968,97,70.95,111.22
dummy-product-969,Dummy Product 969,<p>This is a description for Dummy Product 969.</p>,Vendor 10,Type 5,"tag969,sample",TRUE,Size,Small,SKU0969,39,36.44,109.03
dummy-product-970,Dummy Product 970,<p>This is a description for Dummy Product 970.</p>,Vendor 10,Type 5,"tag970,sample",TRUE,Size,Large,SKU0970,57,75.34,111.24
dummy-product-971,Dummy Product 971,<p>This is a description for Dummy Product 971.</p>,Vendor 10,Type 5,"tag971,sample",TRUE,Size,Small,SKU0971,0,50.96,109.96
dummy-product-972,Dummy Product 972,<p>This is a description for Dummy Product 972.</p>,Vendor 10,Type 5,"tag972,sample",TRUE,Size,Large,SKU0972,65,14.86,110.58
dummy-product-973,Dummy Product 973,<p>This is a description for Dummy Product 973.</p>,Vendor 10,Type 5,"tag973,sample",TRUE,Size,Small,SKU0973,39,20.46,113.11
dummy-product-974,Dummy Product 974,<p>This is a description for Dummy Product 974.</p>,Vendor 10,Type 5,"tag974,sample",TRUE,Size,Large,SKU0974,16,50.12,119.91
dummy-product-975,Dummy Product 975,<p>This is a description for Dummy Product 975.</p>,Vendor 10,Type 5,"tag975,sample",TRUE,Size,Small,SKU0975,84,18.87,105.51
dummy-product-976,Dummy Product 976,<p>This is a description for Dummy Product 976.</p>,Vendor 10,Type 5,"tag976,sample",TRUE,Size,Large,SKU0976,32,83.73,107.30
dummy-product-977,Dummy Product 977,<p>This is a description for Dummy Product 977.</p>,Vendor 10,Type 5,"tag977,sample",TRUE,Size,Small,SKU0977,69,41.53,101.09
dummy-product-978,Dummy Product 978,<p>This is a description for Dummy Product 978.</p>,Vendor 10,Type 5,"tag978,sample",TRUE,Size,Large,SKU0978,97,25.72,103.61
dummy-product-979,Dummy Product 979,<p>This is a description for Dummy Product 979.</p>,Vendor 10,Type 5,"tag979,sample",TRUE,Size,Small,SKU0979,47,97.49,113.66
dummy-product-980,Dummy Product 980,<p>This is a description for Dummy Product 980.</p>,Vendor 10,Type 5,"tag980,sample",TRUE,Size,Large,SKU0980,53,64.89,100.28
dummy-product-981,Dummy Product 981,<p>This is a description for Dummy Product 981.</p>,Vendor 10,Type 5,"tag981,sample",TRUE,Size,Small,SKU0981,66,13.67,112.59
dummy-product-982,Dummy Product 982,<p>This is a description for Dummy Product 982.</p>,Vendor 10,Type 5,"tag982,sample",TRUE,Size,Large,SKU0982,70,93.58,103.56
dummy-product-983,Dummy Product 983,<p>This is a description for Dummy Product 983.</p>,Vendor 10,Type 5,"tag983,sample",TRUE,Size,Small,SKU0983,39,75.95,118.10
dummy-product-984,Dummy Product 984,<p>This is a description for Dummy Product 984.</p>,Vendor 10,Type 5,"tag984,sample",TRUE,Size,Large,SKU0984,91,98.61,106.19
dummy-product-985,Dummy Product 985,<p>This is a description for Dummy Product 985.</p>,Vendor 10,Type 5,"tag985,sample",TRUE,Size,Small,SKU0985,23,5.62,100.98
dummy-product-986,Dummy Product 986,<p>This is a description for Dummy Product 986.</p>,Vendor 10,Type 5,"tag986,sample",TRUE,Size,Large,SKU0986,60,68.76,112.53
dummy-product-987,Dummy Product 987,<p>This is a description for Dummy Product 987.</p>,Vendor 10,Type 5,"tag987,sample",TRUE,Size,Small,SKU0987,33,53.47,102.85
dummy-product-988,Dummy Product 988,<p>This is a description for Dummy Product 988.</p>,Vendor 10,Type 5,"tag988,sample",TRUE,Size,Large,SKU0988,79,50.27,106.40
dummy-product-989,Dummy Product 989,<p>This is a description for Dummy Product 989.</p>,Vendor 10,Type 5,"tag989,sample",TRUE,Size,Small,SKU0989,61,44.43,106.13
dummy-product-990,Dummy Product 990,<p>This is a description for Dummy Product 990.</p>,Vendor 10,Type 5,"tag990,sample",TRUE,Size,Large,SKU0990,76,68.77,112.00
dummy-product-991,Dummy Product 991,<p>This is a description for Dummy Product 991.</p>,Vendor 10,Type 5,"tag991,sample",TRUE,Size,Small,SKU0991,51,46.69,119.53
dummy-product-992,Dummy Product 992,<p>This is a description for Dummy Product 992.</p>,Vendor 10,Type 5,"tag992,sample",TRUE,Size,Large,SKU0992,84,55.83,117.97
dummy-product-993,Dummy Product 993,<p>This is a description for Dummy Product 993.</p>,Vendor 10,Type 5,"tag993,sample",TRUE,Size,Small,SKU0993,33,91.26,100.03
dummy-product-994,Dummy Product 994,<p>This is a description for Dummy Product 994.</p>,Vendor 10,Type 5,"tag994,sample",TRUE,Size,Large,SKU0994,66,31.17,101.40
dummy-product-995,Dummy Product 995,<p>This is a description for Dummy Product 995.</p>,Vendor 10,Type 5,"tag995,sample",TRUE,Size,Small,SKU0995,57,27.44,118.88
dummy-product-996,Dummy Product 996,<p>This is a description for Dummy Product 996.</p>,Vendor 10,Type 5,"tag996,sample",TRUE,Size,Large,SKU0996,19,27.52,116.44
dummy-product-997,Dummy Product 997,<p>This is a description for Dummy Product 997.</p>,Vendor 10,Type 5,"tag997,sample",TRUE,Size,Small,SKU0997,48,92.42,100.63
dummy-product-998,Dummy Product 998,<p>This is a description for Dummy Product 998.</p>,Vendor 10,Type 5,"tag998,sample",TRUE,Size,Large,SKU0998,28,81.95,113.85
dummy-product-999,Dummy Product 999,<p>This is a description for Dummy Product 999.</p>,Vendor 10,Type 5,"tag999,sample",TRUE,Size,Small,SKU0999,57,13.59,108.05
dummy-product-1000,Dummy Product 1000,<p>This is a description for Dummy Product 1000.</p>,Vendor 10,Type 5,"tag1000,sample",TRUE,Size,Large,SKU1000,19,3.88,119.18